14606,2002,CHRYSLER,TOWN & COUNTRY,2C8GP64L22R661084,115436,Used,6,GOLD,Driver Air Bag; Passenger Air Bag; Side Air Bag; A/C; Rear A/C; Alarm; AM/FM Stereo; Cassette; CD Player; 4-Wheel ABS; Cruise Control; Front Wheel Drive; Power Door Locks; Power Driver Seat; Leather Seats; Power Steering; Adjustable Steering Wheel; Chrome Wheels; Power Windows; CD Changer,7995,7995,90,VAN,3.8L,A,0,0,Driver Air Bag; Passenger Air Bag; A/C; Alarm; AM/FM Stereo; Cassette; 4-Wheel ABS; Cruise Control; Front Wheel Drive; Power Door Locks; Power Driver Seat; Leather Seats; Power Steering; Adjustable Steering Wheel; Aluminum Wheels; Power Windows; CD Changer; CD Player; Power Tilt/Sliding Sunroof; Chrome Wheels; Driver Air Bag; Passenger Air Bag
14714,2001,CHEVROLET,TAHOE LS,1GNEK13TX1J316956,135431,New,8,PEWTER,Driver Air Bag; Passenger Air Bag; Side Air Bag; A/C; Rear A/C; Alarm; 4-Wheel ABS; Cruise Control; Rear Wheel Drive; Power Door Locks; Power Steering; Adjustable Steering Wheel; Aluminum Wheels; Power Windows; AM/FM Stereo; Cassette; CD Player; Power Tilt/Sliding Sunroof; Power Driver Seat; Leather Seats,11995,11995,33,SUV,5.3L,A,0,0,
14713,1995,CHEVROLET,C/K 1500,2GCEC19K9S1219702,143812,Used,8,RED,Driver Air Bag; AM/FM Stereo; 4-Wheel ABS; Rear Wheel Drive; Power Steering; Steel Wheels; A/C; Cassette; CD Player; Cruise Control; Turbocharged; Power Door Locks; Power Driver Seat; Leather Seats; Adjustable Steering Wheel; Aluminum Wheels; Chrome Wheels; Power Windows,9995,9995,73,TRUCK,5.7L,AUTO,0,0,
14698,2003,BUICK,PARK AVENUE,1G4CW54K634109642,128605,Used,6,SLIVER,Driver Air Bag; Passenger Air Bag; Side Air Bag; A/C; Alarm; AM/FM Stereo; Cassette; 4-Wheel ABS; Cruise Control; Front Wheel Drive; Power Door Locks; Power Driver Seat; Leather Seats; Power Steering; Aluminum Wheels; Power Windows; CD Changer; CD Player; Power Tilt/Sliding Sunroof; Chrome Wheels; Driver Air Bag; Passenger Air Bag; Side Air Bag,8995,8995,99,4 DR,3.8L,AUTO,0,0,
14768,2000,LEXUS,ES 300,JT8BF28G2Y5075445,188566,Used,6,SILVER,Driver Air Bag; Passenger Air Bag; Side Air Bag; A/C; Alarm; AM/FM Stereo; Cassette; 4-Wheel ABS; Cruise Control; Front Wheel Drive; Power Door Locks; Power Driver Seat; Power Steering; Adjustable Steering Wheel; Aluminum Wheels; Power Windows; CD Changer; CD Player; Power Tilt/Sliding Sunroof; Leather Seats; Chrome Wheels; Driver Air Bag; Passenger Air Bag; Side Air Bag,7995,7995,27,4 DR,3.0L,A,0,0,
14777,1996,OLDSMOBILE,CUTLASS SUPREME,1G3WH52M9TF346856,94845,Used,6,WHITE,,5495,5495,10,4 DR,3.1L,AUTO,0,0,
14775,2000,CHEVROLET,BLAZER,1GNCS13W7Y2399316,139893,Used,6,CHAMP,Driver Air Bag; Passenger Air Bag; A/C; Alarm; 4-Wheel ABS; Cruise Control; Rear Wheel Drive; Power Door Locks; Power Driver Seat; Power Steering; Adjustable Steering Wheel; Aluminum Wheels; Power Windows; AM/FM Stereo; Cassette; CD Changer; CD Player; Power Tilt/Sliding Sunroof; Leather Seats,7995,7995,29,SUV,4.3L,A,0,0,
14664,2002,OLDSMOBILE,ALERO,1G3NF52E22C319377,72543,Used,6,GOLD,Driver Air Bag; Passenger Air Bag; A/C; AM/FM Stereo; Cassette; CD Player; 4-Wheel ABS; Cruise Control; Front Wheel Drive; Power Door Locks; Power Driver Seat; Leather Seats; Power Steering; Adjustable Steering Wheel; Aluminum Wheels; Power Windows; Power Tilt/Sliding Sunroof; Driver Air Bag; Passenger Air Bag,8495,8495,209,4 DR,3.4L,A,0,0,
14789,2001,DODGE,CARAVAN,2B8GP54L61R257775,123078,Used,6,GOLD,Driver Air Bag; Passenger Air Bag; A/C; Rear A/C; AM/FM Stereo; Cassette; 4-Wheel ABS; Cruise Control; Front Wheel Drive; Power Door Locks; Power Driver Seat; Power Steering; Adjustable Steering Wheel; Aluminum Wheels; Power Windows; Side Air Bag; Alarm; CD Changer; CD Player; Leather Seats; Chrome Wheels,8995,8995,19,VAN,3.8L,A,0,0,
14798,1998,BUICK,LESABRE,1G4HP52K9WH441190,102481,Used,6,SILVER,Driver Air Bag; Passenger Air Bag; A/C; AM/FM Stereo; 4-Wheel ABS; Cruise Control; Front Wheel Drive; Power Door Locks; Power Steering; Adjustable Steering Wheel; Power Windows; Cassette; CD Player; Power Driver Seat; Leather Seats; Aluminum Wheels; Driver Air Bag; Passenger Air Bag,6495,6495,26,4 DR,3.8L,AUTO,0,0,
14800,1999,LEXUS,ES 300,JT8BF28G4X0222389,100706,Used,6,RED,Driver Air Bag; Passenger Air Bag; Side Air Bag; A/C; Alarm; AM/FM Stereo; Cassette; 4-Wheel ABS; Cruise Control; Front Wheel Drive; Power Door Locks; Power Driver Seat; Power Steering; Adjustable Steering Wheel; Aluminum Wheels; Power Windows; CD Changer; CD Player; Power Tilt/Sliding Sunroof; Leather Seats; Chrome Wheels; Driver Air Bag; Passenger Air Bag; Side Air Bag,9995,9995,62,4 DR,3.0L,A,0,0,
14748,2002,PONTIAC,GRAND PRIX,1G2WP52K72F242208,107943,Used,6,GREY,Driver Air Bag; Passenger Air Bag; A/C; 4-Wheel ABS; Cruise Control; Front Wheel Drive; Power Door Locks; Power Driver Seat; Power Steering; Adjustable Steering Wheel; Aluminum Wheels; Power Windows; AM/FM Stereo; CD Player; Power Tilt/Sliding Sunroof; Leather Seats; Chrome Wheels; Driver Air Bag; Passenger Air Bag,7995,7995,149,4 DR,3.8L,A,0,0,
14822,1997,FORD,EXPLORER,1FMDU34E7VUD27570,127966,Used,6,BLUE,Driver Air Bag; Passenger Air Bag; A/C; AM/FM Stereo; 4-Wheel ABS; Four Wheel Drive; Power Steering; Steel Wheels; Cassette; CD Player; Cruise Control; Power Door Locks; Adjustable Steering Wheel; Power Windows,7495,7495,24,SUV,4.0L,A,0,0,
14824,2001,FORD,F-150,1FTRX17W51KC65277,116075,Used,8,RED,Driver Air Bag; Passenger Air Bag; AM/FM Stereo; Cassette; 4-Wheel ABS; Rear Wheel Drive; Power Steering; A/C; Cruise Control; Adjustable Steering Wheel; Aluminum Wheels,11995,11995,20,TRUCK,4.6L,A,0,0,
14820,1999,LEXUS,ES 300,JT8BF28G5X0224068,197824,Used,6,GOLD,,7995,7995,66,4 DR,3.0L,A,0,0,
14880,1999,GMC,SUBURBAN,1GKEC16R2XJ722412,160160,Used,8,WHITE,Driver Air Bag; Passenger Air Bag; A/C; AM/FM Stereo; Cassette; 4-Wheel ABS; Cruise Control; Four Wheel Drive; Power Door Locks; Power Driver Seat; Power Steering; Adjustable Steering Wheel; Aluminum Wheels; Power Windows; Rear A/C; CD Player; Leather Seats,9495,9495,8,SUV,5.7L,A,0,0,
14877,1998,OLDSMOBILE,88,1G3HN52K6W4836154,56502,Used,6,GREEN,Driver Air Bag; Passenger Air Bag; A/C; AM/FM Stereo; Cassette; 4-Wheel ABS; Cruise Control; Front Wheel Drive; Power Door Locks; Power Driver Seat; Power Steering; Adjustable Steering Wheel; Power Windows; Steel Wheels; Aluminum Wheels; Driver Air Bag; Passenger Air Bag,6995,6995,9,4 DR,3.8L,AUTO,0,0,
14808,2002,DODGE,DURANGO,1B4HR38N12F199079,105917,Used,8,BLUE,Driver Air Bag; Passenger Air Bag; A/C; AM/FM Stereo; Cassette; ABS; Cruise Control; Rear Wheel Drive; Power Door Locks; Power Steering; Adjustable Steering Wheel; Aluminum Wheels; Power Windows; Side Air Bag; CD Player; 4-Wheel ABS,8995,8995,142,SUV,4.7L,AUTO,0,0,
14857,1999,GMC,YUKON,1GKEK13R2XJ721090,168377,Used,8,WHITE,Driver Air Bag; Passenger Air Bag; A/C; AM/FM Stereo; Cassette; 4-Wheel ABS; Cruise Control; Four Wheel Drive; Power Door Locks; Power Driver Seat; Power Steering; Adjustable Steering Wheel; Aluminum Wheels; Power Windows; Rear A/C; CD Player; Leather Seats,9495,9495,57,SUV,5.7L,A,0,0,
14872,1998,BUICK,CENTURY,2G4WY52M2W1481331,58332,Used,6,BEIGE,Driver Air Bag; Passenger Air Bag; A/C; AM/FM Stereo; Cassette; 4-Wheel ABS; Cruise Control; Front Wheel Drive; Power Door Locks; Power Driver Seat; Power Steering; Adjustable Steering Wheel; Power Windows; CD Player; Power Tilt/Sliding Sunroof; Leather Seats; Aluminum Wheels; Driver Air Bag; Passenger Air Bag,7495,7495,30,4 DR,3.1L,A,0,0,
14847,2000,NISSAN,MAXIMA,JN1CA31A1YT210090,150524,Used,6,WHITE,Driver Air Bag; Passenger Air Bag; A/C; AM/FM Stereo; Cassette; 4-Wheel ABS; Cruise Control; Front Wheel Drive; Power Door Locks; Power Steering; Adjustable Steering Wheel; Power Windows; Steel Wheels; Driver Air Bag; Passenger Air Bag; Side Air Bag,9495,9495,72,4 DR,3.0L,M,0,0,
14791,2001,BUICK,REGAL,2G4WB55K911320706,89174,Used,6,MAROO,Driver Air Bag; Passenger Air Bag; A/C; AM/FM Stereo; Cassette; 4-Wheel ABS; Cruise Control; Front Wheel Drive; Power Door Locks; Power Driver Seat; Power Steering; Adjustable Steering Wheel; Power Windows; Side Air Bag; CD Player; Sunroof; Power Tilt/Sliding Sunroof; Leather Seats; Aluminum Wheels; Chrome Wheels; Driver Air Bag; Passenger Air Bag; Side Air Bag,8995,8995,181,4 DR,3.8L,AUTO,0,0,
14815,2001,TOYOTA,CAMRY SOLARA,2T1CG22P91C502091,134270,Used,4,SILVER,Driver Air Bag; Passenger Air Bag; A/C; AM/FM Stereo; Cassette; CD Player; Cruise Control; Front Wheel Drive; Power Door Locks; Power Steering; Adjustable Steering Wheel; Power Windows; Steel Wheels; Side Air Bag; Alarm; 4-Wheel ABS; Power Tilt/Sliding Sunroof; Power Driver Seat; Aluminum Wheels; Driver Air Bag; Passenger Air Bag,8995,8995,144,2 DR,2.2L,A,0,0,
14831,1999,TOYOTA,CAMRY,4T1BG22K1XU918532,100783,Used,4,GOLD,Driver Air Bag; Passenger Air Bag; A/C; AM/FM Stereo; Cassette; Cruise Control; Front Wheel Drive; Power Door Locks; Power Steering; Adjustable Steering Wheel; Power Windows; Steel Wheels; Side Air Bag; Alarm; CD Changer; CD Player; 4-Wheel ABS; Power Tilt/Sliding Sunroof; Power Driver Seat; Leather Seats; Aluminum Wheels; Driver Air Bag; Passenger Air Bag,9495,9495,112,4 DR,2.2L,A,0,0,
14838,2001,TOYOTA,AVALON,4T1BF28B51U149017,158440,Used,6,MAROO,Driver Air Bag; Passenger Air Bag; Side Air Bag; A/C; AM/FM Stereo; Cassette; CD Player; 4-Wheel ABS; Cruise Control; Front Wheel Drive; Power Door Locks; Power Steering; Adjustable Steering Wheel; Power Windows; Steel Wheels; Alarm; Power Tilt/Sliding Sunroof; Power Driver Seat; Leather Seats; Aluminum Wheels; Driver Air Bag; Passenger Air Bag; Side Air Bag,10995,10995,102,4 DR,3.0L,A,0,0,
14852,2000,CHEVROLET,MONTE CARLO,2G1WW12E3Y9228818,141025,Used,6,MAROO,Driver Air Bag; Passenger Air Bag; A/C; AM/FM Stereo; Cassette; 4-Wheel ABS; Cruise Control; Front Wheel Drive; Power Door Locks; Power Steering; Adjustable Steering Wheel; Power Windows; Alarm; CD Player; Power Tilt/Sliding Sunroof; Power Driver Seat; Leather Seats; Aluminum Wheels; Driver Air Bag; Passenger Air Bag,7995,7995,94,2 DR,3.4L,A,0,0,
14924,2003,BUICK,LESABRE,1G4HP54K134157858,154784,Used,6,SILVER,Driver Air Bag; Passenger Air Bag; A/C; AM/FM Stereo; CD Player; 4-Wheel ABS; Cruise Control; Front Wheel Drive; Power Door Locks; Power Driver Seat; Power Steering; Adjustable Steering Wheel; Power Windows; Side Air Bag; Alarm; Cassette; Leather Seats; Aluminum Wheels; Driver Air Bag; Passenger Air Bag; Side Air Bag,7495,7495,2,4 DR,3.8L,A,0,0,
14914,2001,PONTIAC,SUNFIRE,1G2JB124417347736,108214,Used,4,BURG,Driver Air Bag; Passenger Air Bag; A/C; AM/FM Stereo; Cassette; 4-Wheel ABS; Front Wheel Drive; Power Steering; Alarm; CD Player; Cruise Control; Power Door Locks; Power Tilt/Sliding Sunroof; Adjustable Steering Wheel; Aluminum Wheels; Chrome Wheels; Power Windows; Driver Air Bag; Passenger Air Bag,7495,7495,23,2 DR,2.2L,AUTO,0,0,
14867,1998,TOYOTA,AVALON,4T1BF18B6WU274402,120167,Used,6,GREEN,Driver Air Bag; Passenger Air Bag; Side Air Bag; A/C; AM/FM Stereo; Cassette; 4-Wheel ABS; Cruise Control; Front Wheel Drive; Power Door Locks; Power Steering; Adjustable Steering Wheel; Power Windows; Alarm; CD Changer; CD Player; Power Tilt/Sliding Sunroof; Power Driver Seat; Leather Seats; Aluminum Wheels; Driver Air Bag; Passenger Air Bag; Side Air Bag,8995,8995,76,4 DR,3.0L,A,0,0,
14938,2000,FORD,EXPLORER,1FMZU74E4YZA72204,142812,Used,6,MAROON,Driver Air Bag; Passenger Air Bag; A/C; Rear A/C; AM/FM Stereo; Cassette; CD Player; 4-Wheel ABS; Cruise Control; Four Wheel Drive; Power Door Locks; Power Driver Seat; Leather Seats; Power Steering; Adjustable Steering Wheel; Aluminum Wheels; Power Windows; Side Air Bag; CD Changer; Power Tilt/Sliding Sunroof,7995,7995,3,4DR,4.0L,AUTO,0,0,
14936,1997,FORD,CROWN VICTORIA,2FALP74W3VX104626,189762,Used,8,GOLD,Driver Air Bag; Passenger Air Bag; A/C; AM/FM Stereo; Rear Wheel Drive; Power Driver Seat; Power Steering; Adjustable Steering Wheel; Power Windows; Cassette; 4-Wheel ABS; Cruise Control; Power Door Locks; Leather Seats; Aluminum Wheels; Driver Air Bag; Passenger Air Bag,6495,6495,10,4 DR,4.6L,A,0,0,
14879,1999,PONTIAC,MONTANA,1GMDX03E7XD120994,110968,Used,6,BLUE,Driver Air Bag; Passenger Air Bag; Side Air Bag; A/C; AM/FM Stereo; Cassette; 4-Wheel ABS; Cruise Control; Front Wheel Drive; Power Door Locks; Power Steering; Adjustable Steering Wheel; Rear A/C; CD Player; Power Driver Seat; Leather Seats; Aluminum Wheels; Power Windows,7995,7995,82,VAN,3.4L,A,0,0,
14934,2000,HONDA,CIVIC,1HGEJ6673YL027439,158754,Used,4,GOLD,Driver Air Bag; Passenger Air Bag; A/C; AM/FM Stereo; Cruise Control; Front Wheel Drive; Power Door Locks; Power Steering; Adjustable Steering Wheel; Power Windows; Steel Wheels; Driver Air Bag; Passenger Air Bag,8495,8495,23,4 DR,1.6L,A,0,0,
14940,2002,BUICK,LESABRE,1G4HP54K12U304808,157074,Used,6,TAN,Driver Air Bag; Passenger Air Bag; Side Air Bag; A/C; AM/FM Stereo; Cassette; 4-Wheel ABS; Cruise Control; Front Wheel Drive; Power Door Locks; Power Driver Seat; Power Steering; Adjustable Steering Wheel; Power Windows; Steel Wheels; CD Player; Leather Seats; Aluminum Wheels; Driver Air Bag; Passenger Air Bag; Side Air Bag,7995,7995,8,4DR,3.8L,A,0,0,
14945,1998,INFINITI,QX4,JNRAR05Y8WW031527,191879,Used,6,BLACK,Driver Air Bag; Passenger Air Bag; A/C; Alarm; AM/FM Stereo; Cassette; CD Player; 4-Wheel ABS; Cruise Control; Four Wheel Drive; Power Door Locks; Power Driver Seat; Leather Seats; Power Steering; Adjustable Steering Wheel; Aluminum Wheels; Power Windows; CD Changer; Power Tilt/Sliding Sunroof,8995,8995,49,SUV,3.3L,A,0,0,
14948,1997,TOYOTA,AVALON,4T1BF12B4VU171132,173270,Used,6,WHITE,Driver Air Bag; Passenger Air Bag; A/C; AM/FM Stereo; Cassette; 4-Wheel ABS; Cruise Control; Front Wheel Drive; Power Door Locks; Power Steering; Adjustable Steering Wheel; Power Windows; Alarm; CD Changer; CD Player; Power Tilt/Sliding Sunroof; Power Driver Seat; Leather Seats; Aluminum Wheels; Driver Air Bag; Passenger Air Bag,7495,7495,41,4 DR,3.0L,A,0,0,
14906,2000,TOYOTA,CELICA,JTDDY32T0Y0018321,194269,Used,4,RED,Driver Air Bag; Passenger Air Bag; A/C; AM/FM Stereo; Cassette; CD Player; Cruise Control; Front Wheel Drive; Power Door Locks; Power Steering; Adjustable Steering Wheel; Aluminum Wheels; Power Windows; Side Air Bag; Alarm; CD Changer; 4-Wheel ABS; Power Tilt/Sliding Sunroof; Driver Air Bag; Passenger Air Bag,7995,7995,102,3 DR,1.8L,A,0,0,
14876,2002,CHEVROLET,TRAILBLAZER,1GNES16S226118623,141257,Used,6,RED,Driver Air Bag; Passenger Air Bag; Side Air Bag; A/C; Rear A/C; Alarm; 4-Wheel ABS; Cruise Control; Rear Wheel Drive; Power Door Locks; Power Driver Seat; Power Steering; Adjustable Steering Wheel; Aluminum Wheels; Power Windows; AM/FM Stereo; Cassette; CD Changer; CD Player; Power Tilt/Sliding Sunroof; Leather Seats,10995,10995,136,SUV,4.2L,A,0,0,
14926,1999,FORD,EXPEDITION EB,1FMRU1764XLA67409,127404,Used,8,BLACK,,7995,7995,84,SUV,4.6L,A,0,0,
14966,1998,HONDA,ACCORD SDN,1HGCG5652WA231737,147939,Used,4,SILVER,Driver Air Bag; Passenger Air Bag; A/C; 4-Wheel ABS; Cruise Control; Front Wheel Drive; Power Door Locks; Power Tilt/Sliding Sunroof; Power Driver Seat; Leather Seats; Power Steering; Adjustable Steering Wheel; Aluminum Wheels; Power Windows; Driver Air Bag; Passenger Air Bag,7495,7495,17,4 DR,2.3L,AUTO,0,0,
14897,2004,CHRYSLER,CONCORDE,2C3HD36M24H664955,98890,Used,6,WHITE,Driver Air Bag; Passenger Air Bag; A/C; Alarm; AM/FM Stereo; CD Player; Cruise Control; Front Wheel Drive; Power Door Locks; Power Driver Seat; Leather Seats; Power Steering; Adjustable Steering Wheel; Aluminum Wheels; Power Windows; Side Air Bag; Cassette; CD Changer; 4-Wheel ABS; Power Tilt/Sliding Sunroof; Chrome Wheels; Driver Air Bag; Passenger Air Bag,8995,8995,126,4 DR,3.5L,A,0,0,
14868,2001,FORD,EXPEDITION,1FMRU17L81LA67071,191318,Used,8,GREEN,,0,0,16,4 DR,5.4L,A,0,0,
14892,2003,SATURN,ION,1G8AL52F93Z116396,173797,Used,4,BURG,,0,0,2,4DR,2.2L,A,0,0,
14898,1997,NISSAN,MAXIMA,JN1CA21D4VT220080,102111,Used,6,MAROON,,0,0,18,4DR,3.0L,AUTO,0,0,
14902,2003,CHEVROLET,VENTURE,1GNDX13E33D147587,138003,Used,6,BEIGE,,0,0,15,VAN,3.4L,AUTO,0,0,
14886,1997,LINCOLN,TOWN CAR,1LNLM82W6VY631888,136701,Used,8,WHITE,,0,0,12,4DR,4.6L,AUTO,0,0,
14970,2000,BUICK,LESABRE,1G4HP54K2Y4104898,72712,Used,6,WHITE,Driver Air Bag; Passenger Air Bag; Side Air Bag; A/C; AM/FM Stereo; 4-Wheel ABS; Cruise Control; Front Wheel Drive; Power Door Locks; Power Steering; Adjustable Steering Wheel; Power Windows; Steel Wheels; Alarm; Cassette; CD Changer; CD Player; Power Tilt/Sliding Sunroof; Power Driver Seat; Leather Seats; Aluminum Wheels; Driver Air Bag; Passenger Air Bag; Side Air Bag,7995,7995,18,4 DR,3.8L,A,0,0,
14742,1999,NISSAN,ALTIMA,1N4DL01D1XC187970,127356,Used,4,GREY,,0,0,4,4DR,2.4L,A,0,0,
14792,1999,MERCURY,VILLAGER,4M2XV11T3XDJ25540,128401,Used,6,RED,,0,0,17,4DR,3.3L,A,0,0,
14787,2002,CHEVROLET,IMPALA,2G1WF52E129346672,117475,Used,6,WHITE,,0,0,63,4DR,3.4L,AUTO,0,0,
14778,2000,PONTIAC,GRAND PRIX,1G2WR5219YF324631,141169,Used,6,BLACK,,0,0,32,4DR,3.8L,A,0,0,
14833,2000,BUICK,CENTURY,2G4WS52J7Y1237278,107910,Used,6,BURGUN,,0,0,4,4DR,3.1L,AUTO,0,0,
14889,1998,FORD,F-150,2FTZX1762WCA42707,140675,Used,8,LT BLU,Driver Air Bag; Passenger Air Bag; AM/FM Stereo; 4-Wheel ABS; Rear Wheel Drive; Power Door Locks; Leather Seats; Power Steering; Aluminum Wheels; Power Windows; A/C; Cassette; CD Changer; Cruise Control; Power Driver Seat; Adjustable Steering Wheel,9995,9995,155,TRUCK,4.6L,A,0,0,
14928,2002,BUICK,LESABRE,1G4HP54K924215455,97354,Used,6,BLUE,Driver Air Bag; Passenger Air Bag; Side Air Bag; A/C; AM/FM Stereo; Cassette; 4-Wheel ABS; Cruise Control; Front Wheel Drive; Power Door Locks; Power Driver Seat; Power Steering; Adjustable Steering Wheel; Power Windows; Steel Wheels; CD Player; Leather Seats; Aluminum Wheels; Driver Air Bag; Passenger Air Bag; Side Air Bag,9495,9495,104,4 DR,3.8L,A,0,0,
14921,2000,JEEP,GRAND CHEROKEE,1J4G258N4YC141406,151911,Used,8,GOLD,Driver Air Bag; Passenger Air Bag; A/C; Alarm; AM/FM Stereo; Cassette; CD Player; 4-Wheel ABS; Cruise Control; Rear Wheel Drive; Power Door Locks; Power Driver Seat; Leather Seats; Power Steering; Adjustable Steering Wheel; Aluminum Wheels; Power Windows; CD Changer; Power Tilt/Sliding Sunroof,9995,9995,116,SUV,4.7L,A,0,0,
14977,2003,KIA,SPECTRA,KNAFB161035111405,90008,Used,4,GREEN,Driver Air Bag; Passenger Air Bag; AM/FM Stereo; CD Player; Front Wheel Drive; Power Steering; Steel Wheels; A/C; CD Changer,6995,6995,13,4 DR,1.8L,M,0,0,
14961,1998,LINCOLN,CONTINENTAL,1LNFM97V8WY614935,136202,Used,8,TAN,Driver Air Bag; Passenger Air Bag; A/C; Alarm; AM/FM Stereo; Cassette; 4-Wheel ABS; Cruise Control; Front Wheel Drive; Power Door Locks; Power Driver Seat; Leather Seats; Power Steering; Adjustable Steering Wheel; Aluminum Wheels; Power Windows; CD Changer; CD Player; Power Tilt/Sliding Sunroof; Chrome Wheels; Driver Air Bag; Passenger Air Bag,7495,7495,73,4 DR,4.6L,A,1500,23,Driver Air Bag; Passenger Air Bag; A/C; Alarm; AM/FM Stereo; Cassette; 4-Wheel ABS; Cruise Control; Front Wheel Drive; Power Door Locks; Power Driver Seat; Leather Seats; Power Steering; Adjustable Steering Wheel; Aluminum Wheels; Power Windows; CD Changer; CD Player; Power Tilt/Sliding Sunroof; Chrome Wheels; Driver Air Bag; Passenger Air Bag
14967,1998,FORD,EXPEDITION,1FMRU1768WLC25488,154648,Used,8,WHITE,Driver Air Bag; Passenger Air Bag; A/C; AM/FM Stereo; Cassette; 4-Wheel ABS; Rear Wheel Drive; Power Door Locks; Power Steering; Adjustable Steering Wheel; Power Windows; Steel Wheels; Rear A/C; CD Changer; Cruise Control; Power Driver Seat; Leather Seats; Aluminum Wheels; Chrome Wheels,8495,8495,14,SUV,4.6L,AUTO,1600,20,Driver Air Bag; Passenger Air Bag; A/C; AM/FM Stereo; Cassette; 4-Wheel ABS; Rear Wheel Drive; Power Door Locks; Power Steering; Adjustable Steering Wheel; Power Windows; Steel Wheels; Rear A/C; CD Changer; Cruise Control; Power Driver Seat; Leather Seats; Aluminum Wheels; Chrome Wheels
14969,2001,PONTIAC,SUNFIRE,1G2JB124717313256,99453,Used,4,SILVER,Driver Air Bag; Passenger Air Bag; A/C; AM/FM Stereo; Cassette; 4-Wheel ABS; Front Wheel Drive; Power Steering; Alarm; CD Player; Cruise Control; Power Door Locks; Power Tilt/Sliding Sunroof; Adjustable Steering Wheel; Aluminum Wheels; Chrome Wheels; Power Windows; Driver Air Bag; Passenger Air Bag,7495,7495,46,2 DR,2.2L,AUTO,1500,25,Driver Air Bag; Passenger Air Bag; A/C; AM/FM Stereo; Cassette; 4-Wheel ABS; Front Wheel Drive; Power Steering; Alarm; CD Player; Cruise Control; Power Door Locks; Power Tilt/Sliding Sunroof; Adjustable Steering Wheel; Aluminum Wheels; Chrome Wheels; Power Windows; Driver Air Bag; Passenger Air Bag
14982,2001,GMC,YUKON,1GKEK13T41J188503,193940,Used,8,WHITE,Driver Air Bag; Passenger Air Bag; Side Air Bag; A/C; Rear A/C; Alarm; AM/FM Stereo; Cassette; CD Player; 4-Wheel ABS; Cruise Control; Four Wheel Drive; Power Door Locks; Power Driver Seat; Leather Seats; Power Steering; Adjustable Steering Wheel; Aluminum Wheels; Power Windows; Power Tilt/Sliding Sunroof,9495,9495,33,SUV,5.3L,A,2500,28,Driver Air Bag; Passenger Air Bag; Side Air Bag; A/C; Rear A/C; Alarm; AM/FM Stereo; Cassette; CD Player; 4-Wheel ABS; Cruise Control; Four Wheel Drive; Power Door Locks; Power Driver Seat; Leather Seats; Power Steering; Adjustable Steering Wheel; Aluminum Wheels; Power Windows; Power Tilt/Sliding Sunroof
15011,1997,HONDA,ACCORD CPE,1HGCD7200VA014507,184403,Used,4,RED,Driver Air Bag; Passenger Air Bag; A/C; Cruise Control; Front Wheel Drive; Power Door Locks; Power Tilt/Sliding Sunroof; Power Steering; Adjustable Steering Wheel; Aluminum Wheels; Power Windows; Driver Air Bag; Passenger Air Bag,7995,7995,1,2DR,2.2L,AUTO,0,0,
14999,1994,BUICK,PARK AVENUE,1G4CW52L4RH626466,148910,Used,6,WHITE,Driver Air Bag; Passenger Air Bag; A/C; AM/FM Stereo; Cassette; 4-Wheel ABS; Cruise Control; Front Wheel Drive; Power Door Locks; Power Driver Seat; Power Steering; Adjustable Steering Wheel; Aluminum Wheels; Power Windows; CD Player; Power Tilt/Sliding Sunroof; Leather Seats; Driver Air Bag; Passenger Air Bag,4495,4495,31,4DR,3.8L,A,800,0,
15000,1997,FORD,TAURUS,1FALP52U0VA184675,147622,Used,6,RED,,4995,4995,41,4DR,3.0L,A,800,0,
14955,2003,FORD,TAURUS,1FAFP53UX3A213575,156308,Used,6,GREY,Driver Air Bag; Passenger Air Bag; A/C; AM/FM Stereo; Cassette; Cruise Control; Front Wheel Drive; Power Door Locks; Power Steering; Adjustable Steering Wheel; Aluminum Wheels; Power Windows; Side Air Bag; CD Changer; 4-Wheel ABS; Power Driver Seat; Driver Air Bag; Passenger Air Bag,7995,7995,134,4 DR,3.0L,A,1500,16,
15012,2005,FORD,EXPLORER,1FMZU63K65UA09082,144706,Used,6,GRAY,Driver Air Bag; Passenger Air Bag; A/C; AM/FM Stereo; CD Player; 4-Wheel ABS; Cruise Control; Rear Wheel Drive; Power Door Locks; Power Driver Seat; Power Steering; Adjustable Steering Wheel; Aluminum Wheels; Power Windows; Side Head Air Bag; Rear Head Air Bag; Rear A/C; Cassette; CD Changer; Power Tilt/Sliding Sunroof; Leather Seats; Steel Wheels,9995,9995,19,4DR,4.0L,A,1800,0,
15009,2004,CHRYSLER,PT CRUISER,3C4FY48B04T333906,152438,Used,4,GREY,,7995,7995,28,4DR,2.4L,A,1500,0,
15017,1999,BUICK,LESABRE,1G4HR52K9XH460348,167046,Used,6,TAN,Driver Air Bag; Passenger Air Bag; A/C; Rear A/C; AM/FM Stereo; Cassette; 4-Wheel ABS; Cruise Control; Front Wheel Drive; Power Door Locks; Power Driver Seat; Power Steering; Adjustable Steering Wheel; Aluminum Wheels; Power Windows; CD Player; Leather Seats; Driver Air Bag; Passenger Air Bag,6995,6995,11,4 DR,3.8L,A,1200,0,
15016,2000,BUICK,CENTURY,2G4WS52J3Y1326734,112487,Used,6,GREEN,Driver Air Bag; Passenger Air Bag; A/C; AM/FM Stereo; 4-Wheel ABS; Front Wheel Drive; Power Door Locks; Power Steering; Adjustable Steering Wheel; Power Windows; Steel Wheels; Cassette; CD Player; Cruise Control; Power Tilt/Sliding Sunroof; Power Driver Seat; Aluminum Wheels; Driver Air Bag; Passenger Air Bag,7495,7495,19,4 DR,3.1L,A,1500,0,
14782A,2002,CHEVROLET,IMPALA,2G1WF52EX29292093,0,Used,6,,Driver Air Bag; Passenger Air Bag; A/C; AM/FM Stereo; Cassette; Front Wheel Drive; Power Door Locks; Power Steering; Adjustable Steering Wheel; Power Windows; Steel Wheels; Side Air Bag; Alarm; CD Player; 4-Wheel ABS; Cruise Control; Power Tilt/Sliding Sunroof; Power Driver Seat; Leather Seats; Aluminum Wheels; Driver Air Bag; Passenger Air Bag,0,0,0,4DR,3.4L,A,0,0,
15025,2002,OLDSMOBILE,ALERO,1G3NL52FX2C158150,118880,Used,4,WHITE,Driver Air Bag; Passenger Air Bag; A/C; AM/FM Stereo; CD Player; 4-Wheel ABS; Cruise Control; Front Wheel Drive; Power Door Locks; Power Driver Seat; Power Steering; Adjustable Steering Wheel; Aluminum Wheels; Power Windows; Cassette; Power Tilt/Sliding Sunroof; Steel Wheels; Driver Air Bag; Passenger Air Bag,7995,7995,11,4 DR,2.2L,A,1500,22,
15013,2000,FORD,EXCURSION,1FMNU42L5YED83775,171371,Used,8,WHITE,Driver Air Bag; Passenger Air Bag; A/C; Rear A/C; AM/FM Stereo; Cassette; CD Player; 4-Wheel ABS; Cruise Control; Rear Wheel Drive; Power Door Locks; Power Driver Seat; Leather Seats; Power Steering; Adjustable Steering Wheel; Aluminum Wheels; Power Windows; CD Changer; Turbocharged,9995,9995,28,SUV,5.4L,A,1800,24,
15019,1999,MERCURY,GRND MARQUIS LS,2MEFM75W2XX713853,174089,Used,8,GRAY,,5995,5995,10,4 DR,,A,1000,0,
15021,2001,CHEVROLET,MALIBU,1G1NE52J916204801,128065,Used,6,BLUE,Driver Air Bag; Passenger Air Bag; A/C; AM/FM Stereo; Cassette; CD Player; 4-Wheel ABS; Cruise Control; Front Wheel Drive; Power Door Locks; Power Driver Seat; Power Steering; Adjustable Steering Wheel; Aluminum Wheels; Power Windows; Power Tilt/Sliding Sunroof; Leather Seats; Driver Air Bag; Passenger Air Bag,7995,7995,33,4 DR,3.1L,A,1500,17,
14986,1998,FORD,EXPLORER,1FMZU32E4WUD36303,119460,Used,6,BLUE,Driver Air Bag; Passenger Air Bag; A/C; AM/FM Stereo; Cassette; 4-Wheel ABS; Cruise Control; Four Wheel Drive; Power Door Locks; Power Steering; Adjustable Steering Wheel; Power Windows; Steel Wheels,7995,7995,95,SUV,4.0L,A,1500,22,Driver Air Bag; Passenger Air Bag; A/C; AM/FM Stereo; Cassette; 4-Wheel ABS; Cruise Control; Four Wheel Drive; Power Door Locks; Power Steering; Adjustable Steering Wheel; Power Windows; Steel Wheels
14988,1999,PONTIAC,MONTANA,1GMDX03E8XD205553,142284,Used,6,CHAMP,Driver Air Bag; Passenger Air Bag; Side Air Bag; A/C; AM/FM Stereo; Cassette; 4-Wheel ABS; Cruise Control; Front Wheel Drive; Power Door Locks; Power Steering; Adjustable Steering Wheel; Rear A/C; CD Player; Power Driver Seat; Leather Seats; Aluminum Wheels; Power Windows,6995,6995,92,VAN,3.4L,A,1200,0,
15044,2002,FORD,EXPLORER,1FMZU64E42UC96989,172391,Used,6,BLK,Driver Air Bag; Passenger Air Bag; A/C; AM/FM Stereo; CD Changer; CD Player; 4-Wheel ABS; Cruise Control; Rear Wheel Drive; Power Door Locks; Power Driver Seat; Leather Seats; Power Steering; Adjustable Steering Wheel; Aluminum Wheels; Power Windows; Side Head Air Bag; Rear A/C; Power Tilt/Sliding Sunroof; Chrome Wheels,0,0,1,4DR,4.0L,A,0,0,
14904A,2002,BUICK,CENTURY,2G4WS52J021138101,0,Used,6,,Driver Air Bag; Passenger Air Bag; A/C; AM/FM Stereo; 4-Wheel ABS; Front Wheel Drive; Power Door Locks; Power Steering; Adjustable Steering Wheel; Power Windows; Cassette; CD Player; Cruise Control; Power Tilt/Sliding Sunroof; Power Driver Seat; Aluminum Wheels; Chrome Wheels; Driver Air Bag; Passenger Air Bag,0,0,0,4 DR,3.1L,A,0,0,
15047,2000,ACURA,TL,19UUA5673YA055744,192394,Used,6,GREEN,Driver Air Bag; Passenger Air Bag; Side Air Bag; A/C; Alarm; AM/FM Stereo; Cassette; CD Player; 4-Wheel ABS; Cruise Control; Front Wheel Drive; Power Door Locks; Power Tilt/Sliding Sunroof; Power Driver Seat; Leather Seats; Power Steering; Adjustable Steering Wheel; Aluminum Wheels; Power Windows,7495,7495,0,4 DR,3.2L,A,1500,0,
15051,2003,HONDA,CIVIC,2HGES267X3H534690,194273,Used,4,SILVER,Driver Air Bag; Passenger Air Bag; Side Air Bag; A/C; AM/FM Stereo; 4-Wheel ABS; Front Wheel Drive; Power Door Locks; Power Steering; Adjustable Steering Wheel; Steel Wheels,7495,7495,3,4 DR,1.7L,A,1500,0,
15023,2003,SATURN,ION,1G8AJ52F43Z101553,117993,Used,4,WHITE,Driver Air Bag; Passenger Air Bag; A/C; AM/FM Stereo; CD Player; Front Wheel Drive; Power Door Locks; Power Steering; Adjustable Steering Wheel; Steel Wheels; Side Air Bag; Rear Body Air Bag; Alarm; Cassette; CD Changer; 4-Wheel ABS; Cruise Control; Power Tilt/Sliding Sunroof; Aluminum Wheels; Power Windows; Driver Air Bag; Passenger Air Bag,7995,7995,43,4 DR,2.2L,A,1500,2,
14949,1993,LINCOLN,TOWN CAR,1LNLM83W5PY636582,143733,Used,8,SILVER,Driver Air Bag; Passenger Air Bag; A/C; AM/FM Stereo; Cassette; 4-Wheel ABS; Cruise Control; Power Door Locks; Power Driver Seat; Leather Seats; Power Steering; Adjustable Steering Wheel; Aluminum Wheels; Alarm; CD Changer; Power Tilt/Sliding Sunroof; Driver Air Bag; Passenger Air Bag,4995,4995,204,4 DR,4.6L,A,800,14,
14992,1999,FORD,EXPEDITION,1FMPU18L1XLB01561,142678,Used,8,GREEN,Driver Air Bag; Passenger Air Bag; A/C; AM/FM Stereo; Cassette; 4-Wheel ABS; Cruise Control; Four Wheel Drive; Power Door Locks; Power Driver Seat; Power Steering; Adjustable Steering Wheel; Power Windows; Steel Wheels; Rear A/C; CD Changer; Leather Seats; Aluminum Wheels,7995,7995,117,SUV,5.4L,A,1800,26,
15038,2000,NISSAN,MAXIMA GXE,JN1CA31D7YT540150,145277,Used,6,BLACK,,8995,8995,36,4 DR,3.0L,M,1800,0,
15053,2001,HONDA,ODYSSEY EX,2HKRL18641H569547,138912,Used,6,WHITE,Driver Air Bag; Passenger Air Bag; A/C; Rear A/C; Alarm; 4-Wheel ABS; Cruise Control; Front Wheel Drive; Power Door Locks; Power Driver Seat; Power Steering; Adjustable Steering Wheel; Aluminum Wheels; Power Windows; Driver Air Bag; Passenger Air Bag,9995,9995,8,VAN,3.5L,A,2500,0,
15022,1998,ACURA,RL 3.5,JH4KA9641WC001202,163326,Used,6,GOLD,Driver Air Bag; Passenger Air Bag; A/C; Alarm; AM/FM Stereo; Cassette; 4-Wheel ABS; Cruise Control; Front Wheel Drive; Power Door Locks; Power Tilt/Sliding Sunroof; Power Driver Seat; Leather Seats; Power Steering; Adjustable Steering Wheel; Aluminum Wheels; Power Windows,8995,8995,74,4 DR,3.5L,A,1800,25,
14946,1999,PONTIAC,MONTANA,1GMDU03E8XD315382,76333,Used,6,GREEN,Driver Air Bag; Passenger Air Bag; Side Air Bag; A/C; AM/FM Stereo; Cassette; 4-Wheel ABS; Cruise Control; Front Wheel Drive; Power Door Locks; Power Steering; Adjustable Steering Wheel; CD Player; Power Driver Seat; Leather Seats; Aluminum Wheels; Power Windows,7995,7995,235,VAN,3.4L,A,1500,17,Driver Air Bag; Passenger Air Bag; Side Air Bag; A/C; AM/FM Stereo; Cassette; 4-Wheel ABS; Cruise Control; Front Wheel Drive; Power Door Locks; Power Steering; Adjustable Steering Wheel; CD Player; Power Driver Seat; Leather Seats; Aluminum Wheels; Power Windows
15005,2000,HONDA,CIVIC,1HGEJ6575YL066227,165865,Used,4,WHITE,Driver Air Bag; Passenger Air Bag; A/C; AM/FM Stereo; Cruise Control; Front Wheel Drive; Power Door Locks; Power Steering; Adjustable Steering Wheel; Power Windows; Steel Wheels; Driver Air Bag; Passenger Air Bag,7995,7995,117,4 DR,1.6L,M,1500,17,
14953,2001,FORD,SPORT TRAC,1FMZU67E51UB28322,154900,Used,6,BLACK,Driver Air Bag; Passenger Air Bag; A/C; AM/FM Stereo; Cassette; CD Player; 4-Wheel ABS; Rear Wheel Drive; Power Door Locks; Power Steering; Aluminum Wheels; Power Windows; Rear A/C; CD Changer; Cruise Control; Power Tilt/Sliding Sunroof; Power Driver Seat; Leather Seats; Adjustable Steering Wheel,8995,8995,216,SUV,4.0L,A,1800,20,Driver Air Bag; Passenger Air Bag; A/C; AM/FM Stereo; Cassette; CD Player; 4-Wheel ABS; Rear Wheel Drive; Power Door Locks; Power Steering; Aluminum Wheels; Power Windows; Rear A/C; CD Changer; Cruise Control; Power Tilt/Sliding Sunroof; Power Driver Seat; Leather Seats; Adjustable Steering Wheel
15041,1999,OLDSMOBILE,BRAVADA,1GHDT13W9X2717696,144767,Used,6,BLACK,Driver Air Bag; Passenger Air Bag; A/C; Alarm; AM/FM Stereo; Cassette; CD Player; 4-Wheel ABS; Cruise Control; All Wheel Drive; Power Door Locks; Power Driver Seat; Leather Seats; Power Steering; Adjustable Steering Wheel; Aluminum Wheels; Power Windows; CD Changer; Power Tilt/Sliding Sunroof,5995,0,50,4DR,4.3L,A,1000,25,Driver Air Bag; Passenger Air Bag; A/C; Alarm; AM/FM Stereo; Cassette; CD Player; 4-Wheel ABS; Cruise Control; All Wheel Drive; Power Door Locks; Power Driver Seat; Leather Seats; Power Steering; Adjustable Steering Wheel; Aluminum Wheels; Power Windows; CD Changer; Power Tilt/Sliding Sunroof
15027,2002,PONTIAC,MONTANA,1GMDX03E22D178973,139383,Used,6,WHITE,Driver Air Bag; Passenger Air Bag; Side Air Bag; A/C; AM/FM Stereo; CD Player; 4-Wheel ABS; Cruise Control; Front Wheel Drive; Power Door Locks; Power Steering; Adjustable Steering Wheel; Power Windows; Rear A/C; Cassette; CD Changer; Power Driver Seat; Leather Seats; Aluminum Wheels; Chrome Wheels,7995,7995,77,VAN,3.4L,A,1500,0,
15062,2000,MERCURY,SABLE,1MEFM55S2YA622948,58187,Used,6,GOLD,Driver Air Bag; Passenger Air Bag; A/C; Alarm; AM/FM Stereo; Cassette; Cruise Control; Front Wheel Drive; Power Door Locks; Power Driver Seat; Leather Seats; Power Steering; Adjustable Steering Wheel; Aluminum Wheels; Power Windows; Side Air Bag; CD Changer; 4-Wheel ABS; Power Tilt/Sliding Sunroof; Chrome Wheels; Driver Air Bag; Passenger Air Bag,8495,8495,2,4 DR,3.0L,A,1500,0,
15064,2003,CHRYSLER,300M,2C3HE76K73H579613,109798,Used,6,SILVER,Driver Air Bag; Passenger Air Bag; A/C; Alarm; AM/FM Stereo; Cassette; CD Changer; CD Player; 4-Wheel ABS; Cruise Control; Front Wheel Drive; Power Door Locks; Power Driver Seat; Leather Seats; Power Steering; Adjustable Steering Wheel; Chrome Wheels; Power Windows; Side Air Bag; Power Tilt/Sliding Sunroof; Aluminum Wheels; Driver Air Bag; Passenger Air Bag,9495,9495,3,4 DR,3.5L,A,1800,0,
15049,1998,FORD,EXPLORER,1FMZU32E3WUB06753,159298,Used,6,RED,Driver Air Bag; Passenger Air Bag; A/C; AM/FM Stereo; Cassette; 4-Wheel ABS; Rear Wheel Drive; Power Steering; Steel Wheels; CD Player; Cruise Control; Power Door Locks; Adjustable Steering Wheel; Aluminum Wheels; Power Windows,6995,6995,51,SUV,4.0L,A,1200,21,Driver Air Bag; Passenger Air Bag; A/C; AM/FM Stereo; Cassette; 4-Wheel ABS; Rear Wheel Drive; Power Steering; Steel Wheels; CD Player; Cruise Control; Power Door Locks; Adjustable Steering Wheel; Aluminum Wheels; Power Windows
14654A,1999,CHEVROLET,TAHOE POLICE SP,1GNEC13R0XJ543342,0,Used,8,,Driver Air Bag; Passenger Air Bag; A/C; AM/FM Stereo; 4-Wheel ABS; Cruise Control; Rear Wheel Drive; Power Door Locks; Power Steering; Adjustable Steering Wheel; Power Windows; Steel Wheels; Rear A/C; Cassette; Power Driver Seat; Chrome Wheels,0,0,0,4DR,5.7L,A,0,0,
15015,2000,JEEP,GRAND CHEROKEE,1J4G248NXYC274147,150331,Used,8,WHITE,Driver Air Bag; Passenger Air Bag; A/C; AM/FM Stereo; Cassette; 4-Wheel ABS; Cruise Control; Rear Wheel Drive; Power Door Locks; Power Steering; Adjustable Steering Wheel; Aluminum Wheels; Power Windows; Alarm; CD Changer; CD Player; Power Tilt/Sliding Sunroof; Power Driver Seat; Leather Seats,8995,8995,117,SUV,4.7L,A,1800,0,
15071,2002,CHEVROLET,MALIBU,1G1ND52J42M716188,94894,Used,6,GREY,Driver Air Bag; Passenger Air Bag; A/C; 4-Wheel ABS; Front Wheel Drive; Power Door Locks; Power Steering; Adjustable Steering Wheel; Steel Wheels; AM/FM Stereo; Cassette; CD Player; Cruise Control; Power Driver Seat; Aluminum Wheels; Power Windows; Driver Air Bag; Passenger Air Bag,6495,6495,10,4 DR,3.1L,A,1200,0,
15069,1995,OLDSMOBILE,CUTLASS SUPREME,1G3WH52M4SD393707,141614,Used,6,TEAL,Driver Air Bag; Passenger Air Bag; A/C; AM/FM Stereo; 4-Wheel ABS; Front Wheel Drive; Power Door Locks; Power Steering; Adjustable Steering Wheel; Power Windows; Cassette; CD Player; Cruise Control; Power Tilt/Sliding Sunroof; Power Driver Seat; Leather Seats; Aluminum Wheels; Driver Air Bag; Passenger Air Bag,4995,4995,20,4 DR,3.1L,A,900,0,
15033,2000,INFINITI,I30,JNKCA31A1YT109370,188100,Used,6,WHITE,Driver Air Bag; Passenger Air Bag; Side Air Bag; A/C; AM/FM Stereo; Cassette; CD Player; 4-Wheel ABS; Cruise Control; Front Wheel Drive; Power Door Locks; Power Tilt/Sliding Sunroof; Power Driver Seat; Leather Seats; Power Steering; Adjustable Steering Wheel; Aluminum Wheels; Power Windows; CD Changer; Driver Air Bag; Passenger Air Bag; Side Air Bag,7995,7995,95,4 DR,3.0L,A,1500,27,Driver Air Bag; Passenger Air Bag; Side Air Bag; A/C; AM/FM Stereo; Cassette; CD Player; 4-Wheel ABS; Cruise Control; Front Wheel Drive; Power Door Locks; Power Tilt/Sliding Sunroof; Power Driver Seat; Leather Seats; Power Steering; Adjustable Steering Wheel; Aluminum Wheels; Power Windows; CD Changer; Driver Air Bag; Passenger Air Bag; Side Air Bag
15002,2000,LINCOLN,TOWN CAR,1LNHM81W0YY880313,102089,Used,8,WHITE,Driver Air Bag; Passenger Air Bag; Side Air Bag; A/C; Rear A/C; AM/FM Stereo; Cassette; 4-Wheel ABS; Cruise Control; Rear Wheel Drive; Power Door Locks; Power Driver Seat; Leather Seats; Adjustable Steering Wheel; Aluminum Wheels; Power Windows; Driver Air Bag; Passenger Air Bag; Side Air Bag,8995,8995,166,4 DR,4.6L,A,1800,26,Driver Air Bag; Passenger Air Bag; Side Air Bag; A/C; Rear A/C; AM/FM Stereo; Cassette; 4-Wheel ABS; Cruise Control; Rear Wheel Drive; Power Door Locks; Power Driver Seat; Leather Seats; Adjustable Steering Wheel; Aluminum Wheels; Power Windows; Driver Air Bag; Passenger Air Bag; Side Air Bag
14757A,1997,CHEVROLET,C/K 1500,1GCEC19M9VE170151,0,Used,8,,Driver Air Bag; Passenger Air Bag; AM/FM Stereo; 4-Wheel ABS; Rear Wheel Drive; Power Steering; Steel Wheels; A/C; Cassette; CD Player; Cruise Control; Power Door Locks; Power Driver Seat; Leather Seats; Adjustable Steering Wheel; Aluminum Wheels; Chrome Wheels; Power Windows,0,0,0,,5.0L,A,0,0,
14983,1999,PONTIAC,GRAND PRIX,1G2WR5215XF209457,189865,Used,6,GREEN,Driver Air Bag; Passenger Air Bag; A/C; Alarm; AM/FM Stereo; CD Player; 4-Wheel ABS; Cruise Control; Front Wheel Drive; Supercharged; Power Door Locks; Power Driver Seat; Power Steering; Adjustable Steering Wheel; Aluminum Wheels; Power Windows; Cassette; CD Changer; Power Tilt/Sliding Sunroof; Leather Seats; Driver Air Bag; Passenger Air Bag,7495,7495,194,4 DR,3.8L,A,1500,21,Driver Air Bag; Passenger Air Bag; A/C; Alarm; AM/FM Stereo; CD Player; 4-Wheel ABS; Cruise Control; Front Wheel Drive; Supercharged; Power Door Locks; Power Driver Seat; Power Steering; Adjustable Steering Wheel; Aluminum Wheels; Power Windows; Cassette; CD Changer; Power Tilt/Sliding Sunroof; Leather Seats; Driver Air Bag; Passenger Air Bag
15066,2005,CHEVROLET,MALIBU CLASSIC,1G1ND52F85M186758,112157,Used,4,GOLD,Driver Air Bag; Passenger Air Bag; A/C; AM/FM Stereo; CD Player; Cruise Control; Front Wheel Drive; Power Door Locks; Power Steering; Adjustable Steering Wheel; Power Windows; Steel Wheels; Cassette; 4-Wheel ABS; Power Driver Seat; Aluminum Wheels; Driver Air Bag; Passenger Air Bag,7995,7995,48,4 DR,2.2L,A,1500,0,
14981,1999,FORD,EXPLORER,1FMYU22EXXUA34683,168274,Used,6,GREEN,Driver Air Bag; Passenger Air Bag; A/C; AM/FM Stereo; Cassette; 4-Wheel ABS; Rear Wheel Drive; Power Door Locks; Power Steering; Aluminum Wheels; Power Windows; Side Air Bag; CD Changer; CD Player; Cruise Control; Power Tilt/Sliding Sunroof; Power Driver Seat; Leather Seats; Adjustable Steering Wheel; Chrome Wheels,2995,2995,212,SUV,4.0L,A,900,15,Driver Air Bag; Passenger Air Bag; A/C; AM/FM Stereo; Cassette; 4-Wheel ABS; Rear Wheel Drive; Power Door Locks; Power Steering; Aluminum Wheels; Power Windows; Side Air Bag; CD Changer; CD Player; Cruise Control; Power Tilt/Sliding Sunroof; Power Driver Seat; Leather Seats; Adjustable Steering Wheel; Chrome Wheels
15052,2001,OLDSMOBILE,AURORA,1G3GR64H314290039,80099,Used,6,WHITE,Driver Air Bag; Passenger Air Bag; A/C; AM/FM Stereo; Cassette; 4-Wheel ABS; Cruise Control; Rear Wheel Drive; Power Door Locks; Power Driver Seat; Power Steering; Adjustable Steering Wheel; Aluminum Wheels; Power Windows; Side Air Bag; CD Changer; CD Player; Leather Seats; Driver Air Bag; Passenger Air Bag,8995,8995,91,4 DR,3.5L,A,1800,26,Driver Air Bag; Passenger Air Bag; A/C; AM/FM Stereo; Cassette; 4-Wheel ABS; Cruise Control; Rear Wheel Drive; Power Door Locks; Power Driver Seat; Power Steering; Adjustable Steering Wheel; Aluminum Wheels; Power Windows; Side Air Bag; CD Changer; CD Player; Leather Seats; Driver Air Bag; Passenger Air Bag
14978,2002,PONTIAC,GRAND AM,1G2NW52E12M565609,125477,Used,6,SILVER,Driver Air Bag; Passenger Air Bag; A/C; AM/FM Stereo; CD Player; 4-Wheel ABS; Cruise Control; Front Wheel Drive; Power Door Locks; Power Driver Seat; Power Steering; Adjustable Steering Wheel; Aluminum Wheels; Power Windows; Cassette; Power Tilt/Sliding Sunroof; Leather Seats; Driver Air Bag; Passenger Air Bag,7995,7995,216,4 DR,3.4L,A,1500,22,Driver Air Bag; Passenger Air Bag; A/C; AM/FM Stereo; CD Player; 4-Wheel ABS; Cruise Control; Front Wheel Drive; Power Door Locks; Power Driver Seat; Power Steering; Adjustable Steering Wheel; Aluminum Wheels; Power Windows; Cassette; Power Tilt/Sliding Sunroof; Leather Seats; Driver Air Bag; Passenger Air Bag
15010,1997,CHEVROLET,SUBURBAN,3GNEC16R4VG139583,90617,Used,8,WHITE,Driver Air Bag; Passenger Air Bag; AM/FM Stereo; 4-Wheel ABS; Rear Wheel Drive; Power Door Locks; Power Steering; Steel Wheels; A/C; Rear A/C; Cassette; CD Player; Cruise Control; Turbocharged; Power Driver Seat; Leather Seats; Adjustable Steering Wheel; Aluminum Wheels; Power Windows,7995,7995,174,SUV,5.7L,A,1500,22,Driver Air Bag; Passenger Air Bag; AM/FM Stereo; 4-Wheel ABS; Rear Wheel Drive; Power Door Locks; Power Steering; Steel Wheels; A/C; Rear A/C; Cassette; CD Player; Cruise Control; Turbocharged; Power Driver Seat; Leather Seats; Adjustable Steering Wheel; Aluminum Wheels; Power Windows
15050,1994,LEXUS,LS 400,JT8UF11E9R0206087,158423,Used,8,TAN,,7995,7995,106,4 DR,4.0L,A,1800,28,
15082,2002,BUICK,CENTURY,2G4WY55JX21239446,137143,Used,6,BROWN,Driver Air Bag; Passenger Air Bag; Side Air Bag; A/C; AM/FM Stereo; Cassette; 4-Wheel ABS; Cruise Control; Front Wheel Drive; Power Door Locks; Power Driver Seat; Leather Seats; Power Steering; Adjustable Steering Wheel; Chrome Wheels; Power Windows; CD Player; Power Tilt/Sliding Sunroof; Aluminum Wheels; Driver Air Bag; Passenger Air Bag; Side Air Bag,8495,8495,26,4 DR,3.1L,A,1800,0,
15065,2005,CHEVROLET,MONTE CARLO LS,2G1WW12E759119273,152486,Used,6,WHITE,Driver Air Bag; Passenger Air Bag; A/C; AM/FM Stereo; Cassette; Front Wheel Drive; Power Door Locks; Power Steering; Adjustable Steering Wheel; Power Windows; Steel Wheels; CD Player; 4-Wheel ABS; Cruise Control; Power Tilt/Sliding Sunroof; Power Driver Seat; Aluminum Wheels; Driver Air Bag; Passenger Air Bag,9495,9495,61,2 DR,3.4L,A,1800,0,
14927,2000,MERCURY,GRND MARQUIS GS,2MEFM74W3YX675181,114898,Used,8,GOLD,Driver Air Bag; Passenger Air Bag; A/C; AM/FM Stereo; Cassette; Cruise Control; Rear Wheel Drive; Power Door Locks; Power Driver Seat; Power Steering; Adjustable Steering Wheel; Power Windows; Steel Wheels; CD Player; 4-Wheel ABS; Aluminum Wheels; Driver Air Bag; Passenger Air Bag,7995,7995,329,4 DR,4.6L,A,1500,16,Driver Air Bag; Passenger Air Bag; A/C; AM/FM Stereo; Cassette; Cruise Control; Rear Wheel Drive; Power Door Locks; Power Driver Seat; Power Steering; Adjustable Steering Wheel; Power Windows; Steel Wheels; CD Player; 4-Wheel ABS; Aluminum Wheels; Driver Air Bag; Passenger Air Bag
14956,2002,FORD,TAURUS,1FAFP53U22G111618,112353,Used,6,GREEN,Driver Air Bag; Passenger Air Bag; A/C; Cruise Control; Front Wheel Drive; Power Door Locks; Power Steering; Adjustable Steering Wheel; Aluminum Wheels; Power Windows; Side Air Bag; AM/FM Stereo; CD Player; 4-Wheel ABS; Power Driver Seat; Driver Air Bag; Passenger Air Bag,7995,7995,225,4 DR,3.0L,A,1500,16,Driver Air Bag; Passenger Air Bag; A/C; Cruise Control; Front Wheel Drive; Power Door Locks; Power Steering; Adjustable Steering Wheel; Aluminum Wheels; Power Windows; Side Air Bag; AM/FM Stereo; CD Player; 4-Wheel ABS; Power Driver Seat; Driver Air Bag; Passenger Air Bag
15008,1995,CHEVROLET,ASTRO  VAN,1GBDM19W4SB184549,117540,Used,6,WHITE,,7995,7995,182,VAN,4.3L,A,1500,23,
15075,1999,HONDA,ACCORD SDN,1HGCG564XXA120734,166226,Used,4,TAN,Driver Air Bag; Passenger Air Bag; A/C; AM/FM Stereo; Cassette; Cruise Control; Front Wheel Drive; Power Door Locks; Power Steering; Adjustable Steering Wheel; Power Windows; Steel Wheels; Driver Air Bag; Passenger Air Bag,7995,7995,37,4 DR,2.3L,A,1500,0,
15026,2000,SATURN,LS,1G8JU52F6YY691081,0,Used,4,GREEN,Driver Air Bag; Passenger Air Bag; A/C; Cruise Control; Front Wheel Drive; Power Door Locks; Power Steering; Adjustable Steering Wheel; Power Windows; Steel Wheels; AM/FM Stereo; Cassette; CD Player; 4-Wheel ABS; Power Tilt/Sliding Sunroof; Power Driver Seat; Leather Seats; Aluminum Wheels; Driver Air Bag; Passenger Air Bag,6995,6995,154,4 DR,2.2L,A,1200,37,Driver Air Bag; Passenger Air Bag; A/C; Cruise Control; Front Wheel Drive; Power Door Locks; Power Steering; Adjustable Steering Wheel; Power Windows; Steel Wheels; AM/FM Stereo; Cassette; CD Player; 4-Wheel ABS; Power Tilt/Sliding Sunroof; Power Driver Seat; Leather Seats; Aluminum Wheels; Driver Air Bag; Passenger Air Bag
15096,2003,PONTIAC,AZTEK,3G7DB03E53S526705,123802,Used,6,GOLD,Driver Air Bag; Passenger Air Bag; Side Air Bag; A/C; AM/FM Stereo; CD Player; 4-Wheel ABS; All Wheel Drive; Power Door Locks; Power Steering; Aluminum Wheels; Power Windows; Rear A/C; Cassette; CD Changer; Cruise Control; Power Tilt/Sliding Sunroof; Power Driver Seat; Leather Seats,6995,6995,4,SUV,3.4L,A,0,0,
15093,2001,CHEVROLET,TAHOE,1GNEC13T21J155743,207639,Used,8,SILVER,Driver Air Bag; Passenger Air Bag; Side Air Bag; A/C; Rear A/C; Alarm; 4-Wheel ABS; Cruise Control; Rear Wheel Drive; Power Door Locks; Power Steering; Adjustable Steering Wheel; Aluminum Wheels; Power Windows; AM/FM Stereo; Cassette; CD Player; Power Tilt/Sliding Sunroof; Power Driver Seat; Leather Seats,9495,9495,7,4 DR,5.3L,A,2500,0,
15073,2001,JEEP,GRAND CHEROKEE,1J4GX58N61C725152,155557,Used,8,BLUE,Driver Air Bag; Passenger Air Bag; A/C; Alarm; AM/FM Stereo; Cassette; CD Player; 4-Wheel ABS; Cruise Control; Rear Wheel Drive; Power Door Locks; Power Driver Seat; Leather Seats; Power Steering; Adjustable Steering Wheel; Aluminum Wheels; Power Windows; CD Changer; Power Tilt/Sliding Sunroof; Chrome Wheels,8995,8995,59,SUV,4.7L,A,2000,0,
15092,1997,TOYOTA,CAMRY,4T1BG22K6VU750545,161294,Used,4,GOLD,Driver Air Bag; Passenger Air Bag; AM/FM Stereo; Front Wheel Drive; Power Steering; Adjustable Steering Wheel; Steel Wheels; A/C; Alarm; Cassette; CD Changer; CD Player; 4-Wheel ABS; Cruise Control; Power Door Locks; Aluminum Wheels; Power Windows; Driver Air Bag; Passenger Air Bag,6995,6995,17,4 DR,2.2L,M,0,0,
15048,1999,FORD,MUSTANG,1FAFP4048XF108881,174580,Used,6,YELLOW,Driver Air Bag; Passenger Air Bag; A/C; AM/FM Stereo; Cassette; CD Player; Rear Wheel Drive; Power Door Locks; Power Steering; Adjustable Steering Wheel; Aluminum Wheels; Power Windows; 4-Wheel ABS; Cruise Control; Power Driver Seat; Leather Seats; Driver Air Bag; Passenger Air Bag,7995,7995,127,2 DR,3.8L,A,1800,24,Driver Air Bag; Passenger Air Bag; A/C; AM/FM Stereo; Cassette; CD Player; Rear Wheel Drive; Power Door Locks; Power Steering; Adjustable Steering Wheel; Aluminum Wheels; Power Windows; 4-Wheel ABS; Cruise Control; Power Driver Seat; Leather Seats; Driver Air Bag; Passenger Air Bag
15097,1999,TOYOTA,CAMRY,4T1BF28K7XU082445,232582,Used,6,SILVER,Driver Air Bag; Passenger Air Bag; A/C; AM/FM Stereo; Cassette; 4-Wheel ABS; Cruise Control; Front Wheel Drive; Power Door Locks; Power Steering; Adjustable Steering Wheel; Power Windows; Steel Wheels; Side Air Bag; Alarm; CD Changer; CD Player; Power Tilt/Sliding Sunroof; Power Driver Seat; Leather Seats; Aluminum Wheels; Driver Air Bag; Passenger Air Bag; Side Air Bag,5995,5995,13,4 DR,3.0L,A,1200,0,
15080,2003,CHRYSLER,TOWN & COUNTRY,2C8GP74L73R196468,153095,Used,6,SILVER,Driver Air Bag; Passenger Air Bag; A/C; Rear A/C; Alarm; AM/FM Stereo; Cassette; CD Player; 4-Wheel ABS; Cruise Control; Front Wheel Drive; Power Door Locks; Power Steering; Adjustable Steering Wheel; Aluminum Wheels; Power Windows; Side Air Bag; Leather Seats,7995,7995,51,VAN,3.8L,A,1800,0,
15046,2000,TOYOTA,CAMRY SOLARA,2T1CF22P0YC283910,188537,Used,6,GREEN,Driver Air Bag; Passenger Air Bag; A/C; AM/FM Stereo; Cassette; CD Player; 4-Wheel ABS; Cruise Control; Front Wheel Drive; Power Door Locks; Power Steering; Adjustable Steering Wheel; Power Windows; Steel Wheels; Side Air Bag; Alarm; Power Tilt/Sliding Sunroof; Power Driver Seat; Leather Seats; Aluminum Wheels; Driver Air Bag; Passenger Air Bag,7495,7495,140,2 DR,3.0L,M,1500,23,Driver Air Bag; Passenger Air Bag; A/C; AM/FM Stereo; Cassette; CD Player; 4-Wheel ABS; Cruise Control; Front Wheel Drive; Power Door Locks; Power Steering; Adjustable Steering Wheel; Power Windows; Steel Wheels; Side Air Bag; Alarm; Power Tilt/Sliding Sunroof; Power Driver Seat; Leather Seats; Aluminum Wheels; Driver Air Bag; Passenger Air Bag
14475A,1999,NISSAN,ALTIMA,1N4DL01D5XC166989,0,Used,4,,Driver Air Bag; Passenger Air Bag; Front Wheel Drive; Power Steering; Adjustable Steering Wheel; Power Windows; Steel Wheels; A/C; AM/FM Stereo; Cassette; 4-Wheel ABS; Cruise Control; Driver Air Bag; Passenger Air Bag,0,0,0,4DR,2.4L,A,0,0,
15076,1998,ACURA,CL,19UYA3253WL009679,174048,Used,4,WHITE,Driver Air Bag; Passenger Air Bag; A/C; Alarm; 4-Wheel ABS; Cruise Control; Front Wheel Drive; Power Door Locks; Power Tilt/Sliding Sunroof; Power Driver Seat; Leather Seats; Power Steering; Adjustable Steering Wheel; Aluminum Wheels; Power Windows,6995,6995,62,2 DR,2.3L,A,1500,0,
15037A,1995,NISSAN,MAXIMA,JN1CA21D2ST031455,0,Used,6,,Driver Air Bag; Passenger Air Bag; A/C; AM/FM Stereo; Cassette; Cruise Control; Front Wheel Drive; Power Door Locks; Power Steering; Adjustable Steering Wheel; Power Windows; Steel Wheels; Driver Air Bag; Passenger Air Bag,0,0,0,4DR,3.0L,M,0,0,
15087,1997,ACURA,TL,JH4UA2654VC005770,149498,Used,5,SILVER,Driver Air Bag; Passenger Air Bag; A/C; AM/FM Stereo; Cassette; CD Player; 4-Wheel ABS; Cruise Control; Front Wheel Drive; Power Door Locks; Power Tilt/Sliding Sunroof; Power Driver Seat; Leather Seats; Power Steering; Adjustable Steering Wheel; Aluminum Wheels; Power Windows,7995,7995,41,4 DR,2.5L,A,1800,0,
15058,1998,CHRYSLER,SEBRING,3C3EL45H2WT201174,98729,Used,6,GREEN,Driver Air Bag; Passenger Air Bag; A/C; AM/FM Stereo; Front Wheel Drive; Power Steering; Adjustable Steering Wheel; Power Windows; Alarm; Cassette; CD Changer; CD Player; 4-Wheel ABS; Cruise Control; Power Door Locks; Power Driver Seat; Aluminum Wheels; Driver Air Bag; Passenger Air Bag,6995,6995,117,2 DR,2.5L,A,1500,0,Driver Air Bag; Passenger Air Bag; A/C; AM/FM Stereo; Front Wheel Drive; Power Steering; Adjustable Steering Wheel; Power Windows; Alarm; Cassette; CD Changer; CD Player; 4-Wheel ABS; Cruise Control; Power Door Locks; Power Driver Seat; Aluminum Wheels; Driver Air Bag; Passenger Air Bag
15094,2005,PONTIAC,GRAND PRIX,2G2WS522251143337,90420,Used,6,SILVER,Driver Air Bag; Passenger Air Bag; A/C; Alarm; AM/FM Stereo; CD Player; 4-Wheel ABS; Cruise Control; Front Wheel Drive; Power Door Locks; Power Driver Seat; Power Steering; Adjustable Steering Wheel; Aluminum Wheels; Power Windows; Side Head Air Bag; Rear Head Air Bag; CD Changer; Power Tilt/Sliding Sunroof; Leather Seats; Driver Air Bag; Passenger Air Bag,11995,11995,40,4 DR,3.8L,A,2500,0,
14987,1997,CHEVROLET,G1500 CUSTOM VA,1GBFG15R4V1024245,76966,Used,8,WHITE,,8995,8995,266,VAN,,A,2000,30,
15113,2003,BUICK,CENTURY,2G4WS52J231174051,165180,Used,6,BRONZE,Driver Air Bag; Passenger Air Bag; A/C; AM/FM Stereo; Front Wheel Drive; Power Door Locks; Power Steering; Adjustable Steering Wheel; Power Windows; Side Air Bag; Cassette; CD Player; 4-Wheel ABS; Cruise Control; Power Driver Seat; Leather Seats; Aluminum Wheels; Driver Air Bag; Passenger Air Bag,7995,7995,7,4 DR,3.1L,A,1800,0,
15118,1993,TOYOTA,CAMRY,4T1SK12E6PU242145,139600,Used,4,BLACK,Driver Air Bag; A/C; AM/FM Stereo; Cassette; Cruise Control; Front Wheel Drive; Power Door Locks; Power Steering; Power Windows; Steel Wheels; CD Changer; CD Player; 4-Wheel ABS; Power Tilt/Sliding Sunroof; Aluminum Wheels,5995,5995,13,4 DR,2.2L,A,1200,0,
14915,1998,CHEVROLET,LUMINA,2G1WL52M2W9104611,142551,Used,6,WHITE,Driver Air Bag; Passenger Air Bag; A/C; AM/FM Stereo; Front Wheel Drive; Power Door Locks; Power Steering; Adjustable Steering Wheel; Cassette; CD Player; 4-Wheel ABS; Cruise Control; Power Driver Seat; Aluminum Wheels; Power Windows; Driver Air Bag; Passenger Air Bag,6495,6495,391,4 DR,3.1L,A,1500,0,
15054,2002,SATURN,LS,1G8JS54F62Y597518,91938,Used,4,BLUE,Driver Air Bag; Passenger Air Bag; Side Head Air Bag; A/C; 4-Wheel ABS; Front Wheel Drive; Power Steering; Adjustable Steering Wheel; Steel Wheels; Cruise Control; Power Door Locks; Aluminum Wheels; Power Windows; Driver Air Bag; Passenger Air Bag; Side Air Bag,8995,8995,147,4 DR,2.2L,A,2000,19,Driver Air Bag; Passenger Air Bag; Side Head Air Bag; A/C; 4-Wheel ABS; Front Wheel Drive; Power Steering; Adjustable Steering Wheel; Steel Wheels; Cruise Control; Power Door Locks; Aluminum Wheels; Power Windows; Driver Air Bag; Passenger Air Bag; Side Air Bag
15101,1997,HONDA,CR-V,JHLRD1849VC014223,203633,Used,4,SILVER,Driver Air Bag; Passenger Air Bag; A/C; AM/FM Stereo; Cruise Control; Four Wheel Drive; Power Door Locks; Power Steering; Adjustable Steering Wheel; Power Windows; Steel Wheels,7495,7495,40,SUV,2.0L,A,1500,0,
15116,2000,CHEVROLET,NEW TAHOE,1GNEC13T2YJ151072,204641,Used,8,PEWTER,Driver Air Bag; Passenger Air Bag; Side Air Bag; A/C; Rear A/C; Alarm; AM/FM Stereo; Cassette; CD Player; 4-Wheel ABS; Cruise Control; Rear Wheel Drive; Power Door Locks; Power Driver Seat; Leather Seats; Power Steering; Adjustable Steering Wheel; Aluminum Wheels; Power Windows; Power Tilt/Sliding Sunroof,9495,9495,15,SUV,5.3L,A,2500,0,
15095,2004,DODGE,RAM 1500,1D7HA18D34J144242,148700,Used,8,SILVER,Driver Air Bag; Passenger Air Bag; A/C; AM/FM Stereo; Cassette; ABS; Rear Wheel Drive; Power Steering; Adjustable Steering Wheel; Steel Wheels; Side Head Air Bag; Rear Head Air Bag; CD Player; 4-Wheel ABS; Cruise Control; Chrome Wheels,11995,11995,53,4 DR,5.7L,A,2500,0,
15077A,1996,NISSAN,MAXIMA,JN1CA21D5TM420134,0,Used,6,WHITE,Driver Air Bag; Passenger Air Bag; A/C; AM/FM Stereo; Cassette; Cruise Control; Front Wheel Drive; Power Door Locks; Power Steering; Adjustable Steering Wheel; Power Windows; Steel Wheels; Alarm; CD Player; ABS; Power Tilt/Sliding Sunroof; Power Driver Seat; Driver Air Bag; Passenger Air Bag,0,0,0,4 DR,3.0L,A,0,0,
15115,1995,FORD,F-150,1FTEF15N5SNB53882,157040,Used,8,RED,Driver Air Bag; ABS; Rear Wheel Drive; Power Steering; Steel Wheels; A/C; AM/FM Stereo; Cassette; CD Player; Cruise Control; Power Door Locks; Adjustable Steering Wheel; Aluminum Wheels; Chrome Wheels; Power Windows,6995,6995,14,TRUCK,5.0L,A,1500,0,
15121,2001,OLDSMOBILE,SILHOUETTE,1GHDX23E71D236231,117349,Used,6,TAN,Driver Air Bag; Passenger Air Bag; Side Air Bag; A/C; Alarm; AM/FM Stereo; CD Player; 4-Wheel ABS; Cruise Control; Front Wheel Drive; Power Door Locks; Power Driver Seat; Power Steering; Adjustable Steering Wheel; Power Windows; Rear A/C; Cassette; Aluminum Wheels; Steel Wheels,7995,7995,14,VAN,3.4L,A,1800,0,
15133,1998,TOYOTA,CAMRY,4T1BG22K4WU281747,143891,Used,4,SILVER,Driver Air Bag; Passenger Air Bag; A/C; 4-Wheel ABS; Cruise Control; Front Wheel Drive; Power Door Locks; Power Driver Seat; Power Steering; Adjustable Steering Wheel; Aluminum Wheels; Power Windows; Side Air Bag; AM/FM Stereo; Cassette; CD Changer; CD Player; Power Tilt/Sliding Sunroof; Leather Seats; Driver Air Bag; Passenger Air Bag,6995,6995,2,4 DR,2.2L,A,0,0,
15130,1996,TOYOTA,RAV4,JT3HP10V1T0079834,184620,Used,4,BURG,Driver Air Bag; Passenger Air Bag; Four Wheel Drive; Power Steering; Steel Wheels; A/C; Alarm; AM/FM Stereo; Cassette; CD Changer; CD Player; 4-Wheel ABS; Cruise Control; Power Door Locks; Adjustable Steering Wheel; Aluminum Wheels; Power Windows; Driver Air Bag; Passenger Air Bag,6995,6995,13,SUV,2.0L,M,1000,0,
15132,1998,NISSAN,MAXIMA,JN1CA21D1WT517633,121242,Used,6,SILVER,Driver Air Bag; Passenger Air Bag; A/C; AM/FM Stereo; Cassette; Cruise Control; Front Wheel Drive; Power Door Locks; Power Steering; Adjustable Steering Wheel; Power Windows; Steel Wheels; Alarm; CD Changer; CD Player; 4-Wheel ABS; Power Tilt/Sliding Sunroof; Power Driver Seat; Aluminum Wheels; Driver Air Bag; Passenger Air Bag,8495,8495,11,4DR,3.0L,A,2000,0,
15126,2003,FORD,EXPEDITION,1FMRU15W53LA27160,185660,Used,8,SLIVER,,8995,8995,22,SUV,4.6L,A,2500,0,
15125,2000,TOYOTA,CAMRY,4T1BG22K9YU961081,156938,Used,4,GREY,Driver Air Bag; Passenger Air Bag; AM/FM Stereo; Cassette; CD Player; Front Wheel Drive; Power Steering; Adjustable Steering Wheel; Steel Wheels; Side Air Bag; A/C; Alarm; CD Changer; 4-Wheel ABS; Cruise Control; Power Door Locks; Aluminum Wheels; Power Windows; Driver Air Bag; Passenger Air Bag,7995,7995,26,4 DR,2.2L,A,1800,0,
15061,1998,FORD,EXPLORER,1FMZU35P8WUD36673,178608,Used,8,TAN,Driver Air Bag; Passenger Air Bag; A/C; AM/FM Stereo; Cassette; 4-Wheel ABS; Cruise Control; All Wheel Drive; Power Door Locks; Power Steering; Adjustable Steering Wheel; Aluminum Wheels; Power Windows; Rear A/C; CD Changer; CD Player; Power Tilt/Sliding Sunroof; Power Driver Seat; Leather Seats,6495,6495,152,SUV,5.0L,A,1200,0,
15136,1997,TOYOTA,CAMRY,4T1BG22K7VU755995,149927,Used,4,GREEN,Driver Air Bag; Passenger Air Bag; AM/FM Stereo; Front Wheel Drive; Power Steering; Adjustable Steering Wheel; Steel Wheels; A/C; Alarm; Cassette; CD Changer; CD Player; 4-Wheel ABS; Cruise Control; Power Door Locks; Aluminum Wheels; Power Windows; Driver Air Bag; Passenger Air Bag,6995,6995,8,4 DR,2.2L,M,0,0,
14916A,1998,OLDSMOBILE,SILHOUETTE,1GHDX03E1WD252615,0,Used,6,SILVER,Driver Air Bag; Passenger Air Bag; Side Air Bag; A/C; AM/FM Stereo; Cassette; 4-Wheel ABS; Cruise Control; Front Wheel Drive; Power Door Locks; Power Steering; Adjustable Steering Wheel; Power Windows; Rear A/C; CD Player; Power Driver Seat; Aluminum Wheels,0,0,1,VAN,3.4L,A,0,0,
15107,2003,CHEVROLET,IMPALA,2G1WF52E139298981,104818,Used,6,GOLD,Driver Air Bag; Passenger Air Bag; A/C; AM/FM Stereo; Cassette; Front Wheel Drive; Power Door Locks; Power Steering; Adjustable Steering Wheel; Power Windows; Side Air Bag; Alarm; CD Player; 4-Wheel ABS; Cruise Control; Power Tilt/Sliding Sunroof; Power Driver Seat; Leather Seats; Aluminum Wheels; Driver Air Bag; Passenger Air Bag,11495,11495,73,4 DR,3.4L,A,2500,0,
15110,2002,JEEP,LIBERTY,1J4GK48K02W172433,109892,Used,6,BLACK,Driver Air Bag; Passenger Air Bag; AM/FM Stereo; Cassette; Rear Wheel Drive; Power Steering; Steel Wheels; Side Air Bag; A/C; Alarm; CD Changer; CD Player; 4-Wheel ABS; Cruise Control; Power Door Locks; Power Tilt/Sliding Sunroof; Power Driver Seat; Adjustable Steering Wheel; Aluminum Wheels; Power Windows,10995,10995,52,SUV,3.7L,A,2500,0,
15124,2003,GMC,ENVOY,1GKDS13S532312455,130065,Used,6,PEWTER,Driver Air Bag; Passenger Air Bag; A/C; AM/FM Stereo; CD Player; 4-Wheel ABS; Cruise Control; Rear Wheel Drive; Power Door Locks; Power Steering; Adjustable Steering Wheel; Aluminum Wheels; Power Windows; Side Air Bag; Alarm; Cassette; CD Changer; Power Tilt/Sliding Sunroof; Power Driver Seat,12995,12995,48,SUV,4.2L,A,3000,0,
15137,1998,CHEVROLET,CAVALIER,1G1JF5246W7181680,180632,Used,4,RED,Driver Air Bag; Passenger Air Bag; A/C; AM/FM Stereo; Cassette; 4-Wheel ABS; Cruise Control; Front Wheel Drive; Power Steering; Adjustable Steering Wheel; Steel Wheels; CD Player; Power Door Locks; Aluminum Wheels; Power Windows; Driver Air Bag; Passenger Air Bag,4995,4995,24,4 DR,2.2L,A,1000,0,
15112,2003,TOYOTA,AVALON,4T1BF28BX3U302784,164191,Used,6,MAROON,Driver Air Bag; Passenger Air Bag; Side Air Bag; A/C; AM/FM Stereo; Cassette; CD Player; 4-Wheel ABS; Cruise Control; Front Wheel Drive; Power Door Locks; Power Driver Seat; Power Steering; Adjustable Steering Wheel; Aluminum Wheels; Power Windows; CD Changer; Power Tilt/Sliding Sunroof; Leather Seats; Driver Air Bag; Passenger Air Bag; Side Air Bag,11995,11995,64,4 DR,3.0L,A,3000,0,
15083,2003,DODGE,DURANGO,1D4HR48N93F557655,137530,Used,8,PEWTER,Driver Air Bag; Passenger Air Bag; A/C; Rear A/C; Alarm; AM/FM Stereo; Cassette; CD Player; ABS; Cruise Control; Rear Wheel Drive; Power Door Locks; Power Driver Seat; Power Steering; Adjustable Steering Wheel; Aluminum Wheels; Power Windows; Side Air Bag; CD Changer; 4-Wheel ABS; Leather Seats,9995,9995,131,SUV,4.7L,A,2500,0,
14929A,2002,BUICK,LESABRE,1G4HP54K724175103,0,Used,6,BURG,Driver Air Bag; Passenger Air Bag; Side Air Bag; A/C; AM/FM Stereo; Cassette; 4-Wheel ABS; Cruise Control; Front Wheel Drive; Power Door Locks; Power Driver Seat; Power Steering; Adjustable Steering Wheel; Power Windows; Steel Wheels; CD Player; Leather Seats; Aluminum Wheels; Driver Air Bag; Passenger Air Bag; Side Air Bag,0,0,0,4 DR,3.8L,A,0,0,
15119,2002,BUICK,CENTURY,2G4WS52J621141309,137566,Used,6,WHITE,Driver Air Bag; Passenger Air Bag; A/C; AM/FM Stereo; 4-Wheel ABS; Front Wheel Drive; Power Door Locks; Power Steering; Adjustable Steering Wheel; Power Windows; Cassette; CD Player; Cruise Control; Power Tilt/Sliding Sunroof; Power Driver Seat; Aluminum Wheels; Chrome Wheels; Driver Air Bag; Passenger Air Bag,7995,7995,22,4 DR,3.1L,A,1800,0,
15139,1997,NISSAN,MAXIMA,JN1CA21D6VT848920,124191,Used,6,GREEN,Driver Air Bag; Passenger Air Bag; A/C; AM/FM Stereo; Cassette; Cruise Control; Front Wheel Drive; Power Door Locks; Power Steering; Adjustable Steering Wheel; Power Windows; Steel Wheels; Alarm; CD Player; 4-Wheel ABS; Power Tilt/Sliding Sunroof; Power Driver Seat; Aluminum Wheels; Driver Air Bag; Passenger Air Bag,7995,7995,32,4 DR,3.0L,A,1800,0,
15078,2002,FORD,CROWN VICTORIA,2FAFP74W32X117692,95962,Used,8,WHITE,,8995,8995,146,4 DR,4.6L,A,1800,0,
15144,1999,CHEVROLET,SUBURBAN,3GNEC16R4XG251478,158892,Used,8,PEWTER,Driver Air Bag; Passenger Air Bag; AM/FM Stereo; 4-Wheel ABS; Rear Wheel Drive; Power Door Locks; Power Steering; Steel Wheels; A/C; Rear A/C; Cassette; CD Player; Cruise Control; Turbocharged; Power Driver Seat; Leather Seats; Adjustable Steering Wheel; Aluminum Wheels; Power Windows,8995,8995,17,SUV,5.7L,A,2000,0,
15105,2000,TOYOTA,4RUNNER,JT3HN86R0Y0293939,194753,Used,6,RED,Driver Air Bag; Passenger Air Bag; AM/FM Stereo; Cassette; CD Player; 4-Wheel ABS; Cruise Control; Four Wheel Drive; Power Steering; Adjustable Steering Wheel; Power Windows; Steel Wheels; A/C; Alarm; CD Changer; Power Door Locks; Power Tilt/Sliding Sunroof; Leather Seats; Aluminum Wheels; Driver Air Bag; Passenger Air Bag,8995,8995,105,SUV,3.4L,A,2000,0,
15039A,2002,GMC,YUKON XL,1GKEC16Z72J328087,0,Used,8,,Driver Air Bag; Passenger Air Bag; Side Air Bag; A/C; AM/FM Stereo; 4-Wheel ABS; Cruise Control; Rear Wheel Drive; Power Door Locks; Power Steering; Adjustable Steering Wheel; Rear A/C; Cassette; CD Player; Power Windows,0,0,0,4DR,5.3L,A,0,0,
15106,2001,TOYOTA,CAMRY,4T1BG22KX1U039215,160572,Used,4,SILVER,Driver Air Bag; Passenger Air Bag; AM/FM Stereo; Cassette; CD Player; Front Wheel Drive; Power Steering; Adjustable Steering Wheel; Steel Wheels; Side Air Bag; A/C; Alarm; CD Changer; 4-Wheel ABS; Cruise Control; Power Door Locks; Aluminum Wheels; Power Windows; Driver Air Bag; Passenger Air Bag,8495,8495,102,4 DR,2.2L,A,2000,0,
15143,2003,HYUNDAI,ELANTRA,KMHDN45D13U479527,88793,Used,4,SILVER,Driver Air Bag; Passenger Air Bag; Side Air Bag; A/C; AM/FM Stereo; Cassette; Front Wheel Drive; Power Door Locks; Power Steering; Adjustable Steering Wheel; Power Windows; CD Player; 4-Wheel ABS; Cruise Control; Power Tilt/Sliding Sunroof; Driver Air Bag; Passenger Air Bag; Side Air Bag,7995,7995,29,4 DR,2.0L,M,1500,0,
15142,1996,TOYOTA,CAMRY,JT2BG12K6T0368589,183821,Used,4,GREEN,Driver Air Bag; Passenger Air Bag; AM/FM Stereo; Front Wheel Drive; Power Steering; Adjustable Steering Wheel; Steel Wheels; A/C; Alarm; Cassette; CD Changer; CD Player; 4-Wheel ABS; Cruise Control; Power Door Locks; Aluminum Wheels; Power Windows; Driver Air Bag; Passenger Air Bag,6995,6995,28,4 DR,2.2L,M,1200,0,
15153,2003,MERCURY,GRND MARQUIS LS,2MEFM75W83X616246,150173,Used,8,SAGE,Driver Air Bag; Passenger Air Bag; A/C; AM/FM Stereo; Cassette; 4-Wheel ABS; Cruise Control; Rear Wheel Drive; Power Door Locks; Power Driver Seat; Power Steering; Adjustable Steering Wheel; Aluminum Wheels; Power Windows; Side Air Bag; CD Changer; CD Player; Leather Seats; Driver Air Bag; Passenger Air Bag,8495,8495,9,4 DR,4.6L,A,1800,19,Driver Air Bag; Passenger Air Bag; A/C; AM/FM Stereo; Cassette; 4-Wheel ABS; Cruise Control; Rear Wheel Drive; Power Door Locks; Power Driver Seat; Power Steering; Adjustable Steering Wheel; Aluminum Wheels; Power Windows; Side Air Bag; CD Changer; CD Player; Leather Seats; Driver Air Bag; Passenger Air Bag
15146,2001,CHEVROLET,VENTURE,1GNDX03E41D264523,122688,Used,6,WHITE,Driver Air Bag; Passenger Air Bag; Side Air Bag; A/C; AM/FM Stereo; Cassette; 4-Wheel ABS; Cruise Control; Front Wheel Drive; Power Door Locks; Power Steering; Adjustable Steering Wheel; Power Windows; Steel Wheels; Rear A/C; Power Driver Seat; Aluminum Wheels,7995,7995,26,VAN,3.4L,A,1800,0,
15104,2002,CHEVROLET,MALIBU,1G1ND52J32M533333,153785,Used,6,RED,Driver Air Bag; Passenger Air Bag; A/C; 4-Wheel ABS; Front Wheel Drive; Power Door Locks; Power Steering; Adjustable Steering Wheel; Steel Wheels; AM/FM Stereo; Cassette; CD Player; Cruise Control; Power Driver Seat; Aluminum Wheels; Power Windows; Driver Air Bag; Passenger Air Bag,8995,8995,116,4 DR,3.1L,A,1800,0,
15155,2001,ISUZU,RODEO,4S2CK58W414345799,101436,Used,6,SILVER,Driver Air Bag; Passenger Air Bag; AM/FM Stereo; Cassette; 4-Wheel ABS; Cruise Control; Rear Wheel Drive; Power Steering; Adjustable Steering Wheel; Steel Wheels; A/C; Power Door Locks; Power Windows,10995,10995,19,SUV,3.2L,M,2500,0,
15149,1996,FORD,F-150,2FTEF15YXTCA34050,189712,Used,6,WHITE,Driver Air Bag; ABS; Rear Wheel Drive; Power Steering; Steel Wheels; A/C; AM/FM Stereo; Cassette; CD Player; Cruise Control; Power Door Locks; Power Driver Seat; Adjustable Steering Wheel; Aluminum Wheels; Chrome Wheels; Power Windows,6995,6995,31,TRUCK,4.9L,A,1200,0,
15159,2000,NISSAN,MAXIMA,JN1CA31D9YT701937,130589,Used,6,GREEN,Driver Air Bag; Passenger Air Bag; A/C; AM/FM Stereo; Cassette; 4-Wheel ABS; Cruise Control; Front Wheel Drive; Power Door Locks; Power Steering; Adjustable Steering Wheel; Power Windows; Steel Wheels; Driver Air Bag; Passenger Air Bag,9495,9495,14,4 DR,3.0L,M,2000,0,
15131,1999,CHEVROLET,TAHOE POLICE SP,1GNEC13R0XJ539615,154844,Used,8,BURG,Driver Air Bag; Passenger Air Bag; A/C; AM/FM Stereo; 4-Wheel ABS; Cruise Control; Rear Wheel Drive; Power Door Locks; Power Steering; Adjustable Steering Wheel; Power Windows; Steel Wheels; Rear A/C; Cassette; Power Driver Seat; Chrome Wheels,8995,8995,80,SUV,5.7L,A,2000,0,
15166,2004,BUICK,CENTURY,2G4WS52J141221720,93747,Used,6,GOLD,Driver Air Bag; Passenger Air Bag; A/C; AM/FM Stereo; CD Player; Front Wheel Drive; Power Door Locks; Power Steering; Adjustable Steering Wheel; Power Windows; Side Air Bag; Cassette; 4-Wheel ABS; Cruise Control; Power Driver Seat; Leather Seats; Aluminum Wheels; Chrome Wheels; Driver Air Bag; Passenger Air Bag,8995,8995,9,4 DR,3.1L,A,2500,0,
15081,1998,INFINITI,I30,JNKCA21A2WT631108,84106,Used,6,GOLD,Driver Air Bag; Passenger Air Bag; Side Air Bag; A/C; Alarm; AM/FM Stereo; Cassette; CD Player; 4-Wheel ABS; Cruise Control; Front Wheel Drive; Power Door Locks; Power Driver Seat; Power Steering; Adjustable Steering Wheel; Aluminum Wheels; Power Windows; CD Changer; Power Tilt/Sliding Sunroof; Leather Seats; Driver Air Bag; Passenger Air Bag; Side Air Bag,7995,7995,88,4 DR,3.0L,A,1800,0,
15168,2000,JEEP,GRAND CHEROKEE,1J4G248S7YC312794,129478,Used,6,CHARC,Driver Air Bag; Passenger Air Bag; A/C; AM/FM Stereo; Cassette; 4-Wheel ABS; Cruise Control; Rear Wheel Drive; Power Door Locks; Power Steering; Adjustable Steering Wheel; Aluminum Wheels; Power Windows; Alarm; CD Changer; CD Player; Power Tilt/Sliding Sunroof; Power Driver Seat; Leather Seats,8995,8995,21,SUV,4.0L,A,1800,0,
15171,1990,TOYOTA,2WD PICK-UP,JT4RN93PXL5024495,225394,Used,4,BLUE,Steel Wheels; AM/FM Stereo; Cassette; Power Steering; Adjustable Steering Wheel,4995,4995,16,TRUCK,2.4L,M,1000,0,
15154,1998,LINCOLN,TOWN CAR,1LNFM82W7WY724160,177610,Used,8,BLACK,,6995,6995,44,4 DR,4.6L,A,1200,0,
15165,1996,CHEVROLET,TAHOE,3GNEC18R3TG107718,150432,Used,8,GREEN,Driver Air Bag; AM/FM Stereo; 4-Wheel ABS; Power Door Locks; Power Steering; Steel Wheels; A/C; Cassette; CD Player; Cruise Control; Power Driver Seat; Leather Seats; Adjustable Steering Wheel; Aluminum Wheels; Power Windows,6995,6995,22,SUV,5.7L,A,1200,0,
15163,1999,NISSAN,FRONTIER 2WD,1N6DD21S4XC342669,138459,Used,4,BLACK,Driver Air Bag; Passenger Air Bag; ABS; Rear Wheel Drive; Power Steering; Steel Wheels; A/C; AM/FM Stereo; Cassette; CD Changer; CD Player; Cruise Control; Adjustable Steering Wheel; Aluminum Wheels,7495,7495,28,TRUCK,2.4L,A,1500,0,
15114,1999,HONDA,ACCORD SDN,1HGCG5652XA112541,153785,Used,4,GREEN,Driver Air Bag; Passenger Air Bag; A/C; Alarm; 4-Wheel ABS; Cruise Control; Front Wheel Drive; Power Door Locks; Power Tilt/Sliding Sunroof; Power Driver Seat; Power Steering; Adjustable Steering Wheel; Aluminum Wheels; Power Windows; Driver Air Bag; Passenger Air Bag,8995,8995,116,4 DR,2.3L,A,2000,0,
15169,2001,CHEVROLET,TAHOE,1GNEC13T41J132397,171232,Used,8,SILVER,Driver Air Bag; Passenger Air Bag; Side Air Bag; A/C; Rear A/C; Alarm; 4-Wheel ABS; Cruise Control; Rear Wheel Drive; Power Door Locks; Power Steering; Adjustable Steering Wheel; Aluminum Wheels; Power Windows; AM/FM Stereo; Cassette; CD Player; Power Tilt/Sliding Sunroof; Power Driver Seat; Leather Seats,10995,10995,31,SUV,5.3L,A,2500,0,
15186,1999,TOYOTA,CAMRY SOLARA,2T1CG22P7XC212134,120160,Used,4,BLACK,Driver Air Bag; Passenger Air Bag; A/C; AM/FM Stereo; Cassette; Cruise Control; Front Wheel Drive; Power Door Locks; Power Steering; Adjustable Steering Wheel; Power Windows; Steel Wheels; Side Air Bag; Alarm; CD Player; 4-Wheel ABS; Power Tilt/Sliding Sunroof; Power Driver Seat; Leather Seats; Aluminum Wheels; Driver Air Bag; Passenger Air Bag,7995,7995,2,2DR,2.2L,M,0,0,
15178,1998,BUICK,CENTURY,2G4WS52M6W1532928,131269,Used,6,BURG,Driver Air Bag; Passenger Air Bag; A/C; AM/FM Stereo; 4-Wheel ABS; Front Wheel Drive; Power Door Locks; Power Steering; Adjustable Steering Wheel; Power Windows; Cassette; CD Player; Cruise Control; Power Tilt/Sliding Sunroof; Power Driver Seat; Aluminum Wheels; Driver Air Bag; Passenger Air Bag,5995,5995,20,4 DR,3.1L,A,1200,0,
15189,2001,OLDSMOBILE,ALERO,1G3NF52E81C110871,61849,Used,6,WHITE,Driver Air Bag; Passenger Air Bag; A/C; AM/FM Stereo; Cassette; CD Player; 4-Wheel ABS; Cruise Control; Front Wheel Drive; Power Door Locks; Power Driver Seat; Leather Seats; Power Steering; Adjustable Steering Wheel; Aluminum Wheels; Power Windows; Power Tilt/Sliding Sunroof; Driver Air Bag; Passenger Air Bag,7995,7995,54,4 DR,3.4L,A,1800,0,
15173,2003,CHEVROLET,TAHOE SPECIAL S,1GNEC13Z03R182707,208384,Used,8,WHITE,Driver Air Bag; Passenger Air Bag; A/C; Rear A/C; Alarm; AM/FM Stereo; 4-Wheel ABS; Cruise Control; Rear Wheel Drive; Power Door Locks; Power Driver Seat; Power Steering; Adjustable Steering Wheel; Power Windows; Side Air Bag; Cassette; CD Player; Aluminum Wheels,10995,10995,44,SUV,5.3L,A,3000,0,
15174,1999,MERCURY,GRAND MARQUIS,2MEFM75W2XX679235,183567,Used,8,TAN,Driver Air Bag; Passenger Air Bag; A/C; AM/FM Stereo; Cassette; Cruise Control; Rear Wheel Drive; Power Door Locks; Power Driver Seat; Power Steering; Adjustable Steering Wheel; Power Windows; Steel Wheels; CD Changer; 4-Wheel ABS; Leather Seats; Aluminum Wheels; Driver Air Bag; Passenger Air Bag,5495,5495,35,4 DR,4.6L,A,1200,0,
15188,2002,PONTIAC,GRAND AM,1G2NF52E52M571137,159025,Used,6,GREEN,Driver Air Bag; Passenger Air Bag; A/C; AM/FM Stereo; CD Player; 4-Wheel ABS; Cruise Control; Front Wheel Drive; Power Door Locks; Power Driver Seat; Power Steering; Adjustable Steering Wheel; Aluminum Wheels; Power Windows; Cassette; Power Tilt/Sliding Sunroof; Driver Air Bag; Passenger Air Bag,4995,4995,9,4 DR,3.4L,A,1200,0,
15193,2000,DODGE,CARAVAN,2B4GP44G5YR678735,146908,Used,6,BURG,Driver Air Bag; Passenger Air Bag; A/C; AM/FM Stereo; Cassette; 4-Wheel ABS; Cruise Control; Front Wheel Drive; Power Door Locks; Power Steering; Adjustable Steering Wheel; Power Windows; Rear A/C; Alarm; CD Player; Power Driver Seat; Leather Seats; Aluminum Wheels,7995,7995,4,VAN,3.3L,A,1500,0,
15150,2001,CHEVROLET,SUBURBAN,3GNEC16T01G165717,185960,Used,8,GREEN,Driver Air Bag; Passenger Air Bag; Side Air Bag; AM/FM Stereo; 4-Wheel ABS; Rear Wheel Drive; Power Door Locks; Power Steering; Adjustable Steering Wheel; Steel Wheels; A/C; Rear A/C; Cassette; Cruise Control; Power Windows,9495,9495,88,SUV,5.3L,A,2500,0,
14959,1995,DODGE,RAM 1500,1B7HF16Z6SS327944,177461,Used,8,GREEN,Driver Air Bag; AM/FM Stereo; ABS; Four Wheel Drive; Power Steering; Steel Wheels; A/C; Cassette; CD Player; 4-Wheel ABS; Cruise Control; Power Door Locks; Power Driver Seat; Adjustable Steering Wheel; Chrome Wheels; Power Windows,5995,5995,123,TRUCK,5.9L,A,1200,0,
15102A,1999,HONDA,ACCORD SDN,1HGCG5646XA156694,173769,Used,4,WHITE,Driver Air Bag; Passenger Air Bag; A/C; AM/FM Stereo; Cassette; Cruise Control; Front Wheel Drive; Power Door Locks; Power Steering; Adjustable Steering Wheel; Power Windows; Steel Wheels; Driver Air Bag; Passenger Air Bag,0,0,1,4DR,2.3L,A,0,0,
15161,2002,HYUNDAI,XG350,KMHFU45EX2A215887,156247,Used,6,GREY,Driver Air Bag; Passenger Air Bag; Side Air Bag; A/C; AM/FM Stereo; Cassette; CD Player; 4-Wheel ABS; Cruise Control; Front Wheel Drive; Power Door Locks; Leather Seats; Power Steering; Adjustable Steering Wheel; Aluminum Wheels; Power Windows; CD Changer; Driver Air Bag; Passenger Air Bag; Side Air Bag,7995,7995,78,4 DR,3.5L,A,1800,0,
15151,1996,GMC,SIERRA 1500,2GTEC19R2T1553715,219174,Used,8,WHITE,Driver Air Bag; AM/FM Stereo; 4-Wheel ABS; Rear Wheel Drive; Power Steering; Steel Wheels; A/C; Cassette; CD Player; Cruise Control; Turbocharged; Power Door Locks; Power Driver Seat; Leather Seats; Adjustable Steering Wheel; Aluminum Wheels; Chrome Wheels; Power Windows,7495,7495,97,TRUCK,5.7L,A,1500,0,
15175,2001,CHRYSLER,PT CRUISER,3C4FY4BB61T615942,168888,Used,4,SILVER,Driver Air Bag; Passenger Air Bag; A/C; AM/FM Stereo; Cassette; CD Player; 4-Wheel ABS; Cruise Control; Rear Wheel Drive; Power Door Locks; Power Driver Seat; Power Steering; Adjustable Steering Wheel; Aluminum Wheels; Power Windows; Side Head Air Bag; Rear Head Air Bag; Rear A/C; Power Tilt/Sliding Sunroof; Leather Seats,6995,6995,69,4 DR,2.4L,A,1500,0,
15187,2002,DODGE,NEON,1B3ES56C72D654781,39990,Used,4,YELLOW,Driver Air Bag; Passenger Air Bag; A/C; AM/FM Stereo; CD Player; Front Wheel Drive; Power Door Locks; Power Steering; Adjustable Steering Wheel; Aluminum Wheels; Power Windows; Side Air Bag; Alarm; Cassette; CD Changer; 4-Wheel ABS; Cruise Control; Power Tilt/Sliding Sunroof; Leather Seats; Driver Air Bag; Passenger Air Bag,8495,8495,31,4 DR,2.0L,A,1800,0,
15191,1994,FORD,THUNDERBIRD,1FALP6249RH208443,0,Used,6,TAN,Driver Air Bag; Passenger Air Bag; A/C; AM/FM Stereo; Cassette; Cruise Control; Power Door Locks; Power Driver Seat; Power Steering; Adjustable Steering Wheel; Aluminum Wheels; Power Windows; CD Changer; 4-Wheel ABS; Power Tilt/Sliding Sunroof; Leather Seats; Driver Air Bag; Passenger Air Bag,3995,3995,23,2 DR,3.8L,A,900,16,Driver Air Bag; Passenger Air Bag; A/C; AM/FM Stereo; Cassette; Cruise Control; Power Door Locks; Power Driver Seat; Power Steering; Adjustable Steering Wheel; Aluminum Wheels; Power Windows; CD Changer; 4-Wheel ABS; Power Tilt/Sliding Sunroof; Leather Seats; Driver Air Bag; Passenger Air Bag
15141,2002,BUICK,CENTURY,2G4WS52J521250411,100286,Used,6,GRAY,,7995,7995,112,4 DR,3.1L,A,1800,0,
15109,2002,JEEP,GRAND CHEROKEE,1J4GX48S02C170832,125253,Used,6,BURG,Driver Air Bag; Passenger Air Bag; A/C; AM/FM Stereo; CD Player; 4-Wheel ABS; Cruise Control; Rear Wheel Drive; Power Door Locks; Power Driver Seat; Power Steering; Aluminum Wheels; Power Windows; Side Air Bag; Alarm; Cassette; CD Changer; Power Tilt/Sliding Sunroof; Leather Seats,9995,9995,177,SUV,4.0L,A,2500,0,
15207,1995,TOYOTA,CAMRY,4T1SK12E3SU564461,195412,Used,4,TAN,Driver Air Bag; Passenger Air Bag; A/C; AM/FM Stereo; Cassette; Cruise Control; Front Wheel Drive; Power Door Locks; Power Steering; Adjustable Steering Wheel; Power Windows; Steel Wheels; Alarm; CD Changer; CD Player; 4-Wheel ABS; Power Tilt/Sliding Sunroof; Aluminum Wheels,5495,5495,3,4 DR,2.2L,A,1000,0,
15198,1997,JEEP,GRAND CHEROKEE,1J4FX78SXVC539925,139858,Used,6,BLK,Driver Air Bag; Passenger Air Bag; A/C; Alarm; AM/FM Stereo; Cassette; 4-Wheel ABS; Cruise Control; Rear Wheel Drive; Power Door Locks; Power Driver Seat; Leather Seats; Power Steering; Adjustable Steering Wheel; Aluminum Wheels; Power Windows; CD Player; Power Tilt/Sliding Sunroof,7495,7495,29,4DR,4.0L,A,1500,0,
15203,2000,OLDSMOBILE,ALERO,1G3NF52E9YC314105,138692,Used,6,WHITE,Driver Air Bag; Passenger Air Bag; A/C; AM/FM Stereo; Cassette; CD Player; 4-Wheel ABS; Cruise Control; Front Wheel Drive; Power Door Locks; Power Driver Seat; Leather Seats; Power Steering; Adjustable Steering Wheel; Aluminum Wheels; Power Windows; Power Tilt/Sliding Sunroof; Driver Air Bag; Passenger Air Bag,6995,6995,9,4 DR,3.4L,A,1200,0,
15223,1995,TOYOTA,CAMRY,4T1SK12C3SU586703,113003,Used,4,GREEN,Driver Air Bag; Passenger Air Bag; A/C; AM/FM Stereo; Cassette; Cruise Control; Front Wheel Drive; Power Door Locks; Power Steering; Adjustable Steering Wheel; Power Windows; Steel Wheels; Alarm; CD Changer; CD Player; 4-Wheel ABS; Power Tilt/Sliding Sunroof; Power Driver Seat; Leather Seats; Aluminum Wheels,6995,6995,-14,2 DR,2.2L,A,1200,0,
15190,2001,FORD,MUSTANG,1FAFP40441F205373,169230,Used,6,RED,Driver Air Bag; Passenger Air Bag; A/C; AM/FM Stereo; Cassette; CD Player; Rear Wheel Drive; Power Door Locks; Power Steering; Adjustable Steering Wheel; Aluminum Wheels; Power Windows; Driver Air Bag; Passenger Air Bag,7495,7495,45,2 DR,3.8L,A,1500,0,
15180,2004,GMC,ENVOY,1GKDS13S842240054,160130,Used,6,BLACK,Driver Air Bag; Passenger Air Bag; A/C; AM/FM Stereo; CD Player; 4-Wheel ABS; Cruise Control; Rear Wheel Drive; Power Door Locks; Power Steering; Adjustable Steering Wheel; Aluminum Wheels; Power Windows; Side Air Bag; Alarm; Cassette; CD Changer; Power Tilt/Sliding Sunroof; Power Driver Seat,11995,11995,73,SUV,4.2L,A,2500,0,
15181,2003,SATURN,LS,1G8JU54F33Y528944,138143,Used,4,BLUE,Driver Air Bag; Passenger Air Bag; Side Head Air Bag; A/C; Alarm; AM/FM Stereo; CD Player; Cruise Control; Front Wheel Drive; Power Door Locks; Power Steering; Adjustable Steering Wheel; Power Windows; Steel Wheels; Cassette; CD Changer; 4-Wheel ABS; Power Tilt/Sliding Sunroof; Power Driver Seat; Leather Seats; Aluminum Wheels; Chrome Wheels; Driver Air Bag; Passenger Air Bag; Side Air Bag,8995,8995,67,4 DR,2.2L,A,2000,0,
15216,1996,CHEVROLET,CAVALIER,1G1JF5248T7141368,113475,Used,4,RED,Driver Air Bag; Passenger Air Bag; A/C; AM/FM Stereo; 4-Wheel ABS; Front Wheel Drive; Power Steering; Steel Wheels; Cassette; CD Player; Cruise Control; Power Door Locks; Adjustable Steering Wheel; Aluminum Wheels; Power Windows; Driver Air Bag; Passenger Air Bag,4995,4995,13,4 DR,2.2L,A,1000,0,
15179,1999,MERCURY,GRAND MARQUIS,2MEFM75W7XX666786,169872,Used,8,GREEN,Driver Air Bag; Passenger Air Bag; A/C; AM/FM Stereo; Cassette; Cruise Control; Rear Wheel Drive; Power Door Locks; Power Driver Seat; Power Steering; Adjustable Steering Wheel; Power Windows; Steel Wheels; CD Changer; 4-Wheel ABS; Leather Seats; Aluminum Wheels; Driver Air Bag; Passenger Air Bag,7495,7495,73,4 DR,4.6L,A,1500,0,
15160,2003,GMC,ENVOY XL,1GKES16S836178601,186548,Used,6,WHITE,Driver Air Bag; Passenger Air Bag; A/C; AM/FM Stereo; CD Player; 4-Wheel ABS; Rear Wheel Drive; Power Door Locks; Power Steering; Adjustable Steering Wheel; Aluminum Wheels; Power Windows; Side Air Bag; Cassette; Cruise Control,9995,9995,109,SUV,4.2L,A,2500,0,
15199,2000,ISUZU,TROOPER,JACDS58X6Y7J09073,128589,Used,6,GOLD,Driver Air Bag; Passenger Air Bag; A/C; AM/FM Stereo; Cassette; 4-Wheel ABS; Cruise Control; Rear Wheel Drive; Power Door Locks; Power Steering; Adjustable Steering Wheel; Aluminum Wheels; Power Windows; CD Changer; CD Player,7995,7995,38,SUV,3.5L,A,1500,0,
15201,2000,NISSAN,MAXIMA,JN1CA31D8YT560097,143655,Used,6,SILVER,Driver Air Bag; Passenger Air Bag; A/C; AM/FM Stereo; Cassette; 4-Wheel ABS; Cruise Control; Front Wheel Drive; Power Door Locks; Power Steering; Adjustable Steering Wheel; Power Windows; Steel Wheels; Driver Air Bag; Passenger Air Bag,8995,8995,35,4 DR,3.0L,M,2500,0,
15176,2000,FORD,EXPEDITION,1FMRU1763YLA44074,162858,New,8,GREEN,Driver Air Bag; Passenger Air Bag; A/C; Rear A/C; AM/FM Stereo; Cassette; 4-Wheel ABS; Cruise Control; Rear Wheel Drive; Power Door Locks; Power Driver Seat; Leather Seats; Power Steering; Adjustable Steering Wheel; Chrome Wheels; Power Windows; Side Air Bag; CD Changer; Power Tilt/Sliding Sunroof,7995,7995,85,SUV,4.6L,A,1500,0,
15167,2004,CHRYSLER,300M,2C3AE66G94H686185,82242,Used,6,TAN,Driver Air Bag; Passenger Air Bag; A/C; Rear A/C; Alarm; AM/FM Stereo; CD Player; 4-Wheel ABS; Cruise Control; Front Wheel Drive; Power Door Locks; Power Driver Seat; Leather Seats; Power Steering; Adjustable Steering Wheel; Aluminum Wheels; Power Windows; Side Air Bag; Cassette; CD Changer; Power Tilt/Sliding Sunroof; Chrome Wheels; Driver Air Bag; Passenger Air Bag; Side Air Bag,9995,9995,105,4 DR,3.5L,A,2500,0,
15222,1994,TOYOTA,CAMRY,4T1SK12E8RU404344,141510,Used,4,BLACK,Driver Air Bag; Passenger Air Bag; A/C; AM/FM Stereo; Cassette; Cruise Control; Front Wheel Drive; Power Door Locks; Power Steering; Adjustable Steering Wheel; Power Windows; Steel Wheels; CD Changer; CD Player; 4-Wheel ABS; Power Tilt/Sliding Sunroof; Aluminum Wheels,4995,4995,7,4 DR,2.2L,A,1000,0,
15217,2001,CHEVROLET,CAVALIER,1G1JF524817166252,159287,Used,4,GOLD,Driver Air Bag; Passenger Air Bag; A/C; AM/FM Stereo; CD Player; 4-Wheel ABS; Cruise Control; Front Wheel Drive; Power Steering; Adjustable Steering Wheel; Steel Wheels; Alarm; Cassette; Power Door Locks; Aluminum Wheels; Power Windows; Driver Air Bag; Passenger Air Bag,5495,5495,22,4 DR,2.2L,A,900,0,
15221,2002,CHEVROLET,TRAILBLAZER,1GNDT13S122273412,189020,Used,6,BLUE,Driver Air Bag; Passenger Air Bag; Side Air Bag; A/C; 4-Wheel ABS; Four Wheel Drive; Power Door Locks; Power Steering; Adjustable Steering Wheel; Aluminum Wheels; Power Windows; Alarm; AM/FM Stereo; Cassette; CD Player; Cruise Control; Power Tilt/Sliding Sunroof,7995,7995,17,SUV,4.2L,A,1500,0,
15227,2000,KIA,SPECTRA,KNAFB1610Y5201046,105333,Used,4,BLACK,Driver Air Bag; Passenger Air Bag; AM/FM Stereo; Cassette; Front Wheel Drive; Power Steering; Steel Wheels; A/C,5995,5995,13,4 DR,1.8L,M,1000,0,
15230,1999,FORD,EXPLORER,1FMZU32EXXZB98142,138783,Used,6,SILVER,Driver Air Bag; Passenger Air Bag; A/C; Rear A/C; AM/FM Stereo; CD Player; 4-Wheel ABS; Cruise Control; Rear Wheel Drive; Power Door Locks; Power Driver Seat; Power Steering; Adjustable Steering Wheel; Aluminum Wheels; Power Windows; Side Air Bag; Cassette; CD Changer; Power Tilt/Sliding Sunroof; Leather Seats,7495,7495,4,SUV,4.0L,A,1500,0,
15236,2001,CHEVROLET,MALIBU,1G1NE52J816187862,165487,Used,6,GREEN,Driver Air Bag; Passenger Air Bag; A/C; AM/FM Stereo; Cassette; CD Player; 4-Wheel ABS; Cruise Control; Front Wheel Drive; Power Door Locks; Power Driver Seat; Power Steering; Adjustable Steering Wheel; Aluminum Wheels; Power Windows; Power Tilt/Sliding Sunroof; Leather Seats; Driver Air Bag; Passenger Air Bag,6995,6995,4,4 DR,3.1L,A,1200,0,
15152,1999,CHRYSLER,TOWN & COUNTRY,1C4GP64L0XB707485,147506,Used,6,GREY,Driver Air Bag; Passenger Air Bag; A/C; Rear A/C; Alarm; AM/FM Stereo; Cassette; CD Player; 4-Wheel ABS; Cruise Control; Front Wheel Drive; Power Door Locks; Power Driver Seat; Leather Seats; Power Steering; Adjustable Steering Wheel; Chrome Wheels; Power Windows,6995,6995,174,VAN,3.8L,A,1200,0,
15226,2004,CHEVROLET,SUBURBAN,3GNEC16Z34G283236,214123,Used,8,WHITE,Driver Air Bag; Passenger Air Bag; A/C; Rear A/C; Alarm; AM/FM Stereo; Cassette; CD Player; 4-Wheel ABS; Cruise Control; Rear Wheel Drive; Power Door Locks; Power Driver Seat; Power Steering; Adjustable Steering Wheel; Aluminum Wheels; Power Windows; Side Air Bag; CD Changer; Power Tilt/Sliding Sunroof; Leather Seats,9495,9495,31,SUV,5.3L,A,2500,0,
15212,2005,DODGE,NEON,1B3ES56C25D199276,106452,Used,4,BLUE,Driver Air Bag; Passenger Air Bag; A/C; AM/FM Stereo; CD Player; Front Wheel Drive; Power Door Locks; Power Steering; Adjustable Steering Wheel; Aluminum Wheels; Power Windows; Side Air Bag; Alarm; Cassette; CD Changer; 4-Wheel ABS; Cruise Control; Power Tilt/Sliding Sunroof; Chrome Wheels; Driver Air Bag; Passenger Air Bag,8995,8995,66,4 DR,2.0L,A,1800,0,
15218,2002,MERCURY,MOUNTAINEER,4M2ZU66EX2ZJ00326,185564,Used,6,RED,,7495,7495,54,SUV,4.0L,A,1500,0,
15237,2002,CHEVROLET,SILVERADO 1500,2GCEC19TX21374784,198959,Used,8,PEWTER,Driver Air Bag; Passenger Air Bag; A/C; AM/FM Stereo; 4-Wheel ABS; Rear Wheel Drive; Power Steering; Adjustable Steering Wheel; Steel Wheels; Cassette; CD Player; Cruise Control; Power Door Locks; Chrome Wheels; Power Windows,8995,8995,12,TRUCK,5.3L,A,1800,0,
15206,1997,TOYOTA,AVALON,4T1BF12BXVU202299,116524,Used,6,GOLD,Driver Air Bag; Passenger Air Bag; A/C; AM/FM Stereo; Cassette; 4-Wheel ABS; Cruise Control; Front Wheel Drive; Power Door Locks; Power Steering; Adjustable Steering Wheel; Power Windows; Alarm; CD Changer; CD Player; Power Tilt/Sliding Sunroof; Power Driver Seat; Leather Seats; Aluminum Wheels; Driver Air Bag; Passenger Air Bag,7995,7995,84,4 DR,3.0L,A,1500,0,
15213,2000,BUICK,PARK AVENUE,1G4CW52K3Y4121418,135980,Used,6,BEIGE,Driver Air Bag; Passenger Air Bag; A/C; Rear A/C; AM/FM Stereo; Cassette; 4-Wheel ABS; Cruise Control; Front Wheel Drive; Power Door Locks; Power Driver Seat; Power Steering; Adjustable Steering Wheel; Aluminum Wheels; Power Windows; CD Changer; CD Player; Power Tilt/Sliding Sunroof; Leather Seats; Chrome Wheels; Driver Air Bag; Passenger Air Bag,8995,8995,75,4 DR,3.8L,A,1800,0,
15239,1999,SATURN,SL,1G8ZH5284XZ113305,227752,Used,4,GREEN,Driver Air Bag; Passenger Air Bag; AM/FM Stereo; Front Wheel Drive; Power Steering; Adjustable Steering Wheel; Steel Wheels; A/C; Alarm; Cassette; CD Player; 4-Wheel ABS; Cruise Control; Power Door Locks; Power Tilt/Sliding Sunroof; Power Windows; Driver Air Bag; Passenger Air Bag,3995,3995,17,4 DR,1.9L,A,800,0,
14994-A,2001,PONTIAC,BONNEVILLE,1G2HY54K314176821,187962,Used,6,,Driver Air Bag; Passenger Air Bag; Side Air Bag; A/C; AM/FM Stereo; Cassette; 4-Wheel ABS; Cruise Control; Front Wheel Drive; Power Door Locks; Power Driver Seat; Power Steering; Adjustable Steering Wheel; Aluminum Wheels; Power Windows; CD Changer; CD Player; Power Tilt/Sliding Sunroof; Leather Seats; Chrome Wheels; Driver Air Bag; Passenger Air Bag; Side Air Bag,0,0,0,4DR,3.8L,A,0,0,
15225,1999,INFINITI,QX4,JNRAR05Y8XW046448,177215,Used,6,GOLD,Driver Air Bag; Passenger Air Bag; Side Air Bag; A/C; Alarm; AM/FM Stereo; Cassette; CD Player; 4-Wheel ABS; Cruise Control; Four Wheel Drive; Power Door Locks; Power Driver Seat; Leather Seats; Power Steering; Adjustable Steering Wheel; Aluminum Wheels; Power Windows; CD Changer; Power Tilt/Sliding Sunroof,7995,7995,60,SUV,3.3L,A,1500,26,Driver Air Bag; Passenger Air Bag; Side Air Bag; A/C; Alarm; AM/FM Stereo; Cassette; CD Player; 4-Wheel ABS; Cruise Control; Four Wheel Drive; Power Door Locks; Power Driver Seat; Leather Seats; Power Steering; Adjustable Steering Wheel; Aluminum Wheels; Power Windows; CD Changer; Power Tilt/Sliding Sunroof
15241,2004,JEEP,GRAND CHEROKEE,1J4GX48S04C210037,139628,Used,6,BLACK,Driver Air Bag; Passenger Air Bag; A/C; AM/FM Stereo; CD Player; 4-Wheel ABS; Cruise Control; Rear Wheel Drive; Power Door Locks; Power Driver Seat; Power Steering; Adjustable Steering Wheel; Aluminum Wheels; Power Windows; Side Head Air Bag; Rear Head Air Bag; Alarm; Cassette; CD Changer; Power Tilt/Sliding Sunroof; Leather Seats,9995,9995,23,SUV,4.0L,A,1800,0,
15256,1999,BUICK,REGAL GS,2G4WF5210X1498982,153207,Used,6,GREY,Driver Air Bag; Passenger Air Bag; A/C; AM/FM Stereo; Cassette; 4-Wheel ABS; Cruise Control; Front Wheel Drive; Supercharged; Power Door Locks; Power Driver Seat; Leather Seats; Power Steering; Adjustable Steering Wheel; Aluminum Wheels; Power Windows; CD Player; Power Tilt/Sliding Sunroof; Chrome Wheels; Driver Air Bag; Passenger Air Bag,7995,7995,0,4 DR,3.8L,A,1500,24,Driver Air Bag; Passenger Air Bag; A/C; AM/FM Stereo; Cassette; 4-Wheel ABS; Cruise Control; Front Wheel Drive; Supercharged; Power Door Locks; Power Driver Seat; Leather Seats; Power Steering; Adjustable Steering Wheel; Aluminum Wheels; Power Windows; CD Player; Power Tilt/Sliding Sunroof; Chrome Wheels; Driver Air Bag; Passenger Air Bag
15197A,2000,LINCOLN,LS,1LNHM87A7YY867070,0,Used,8,,Driver Air Bag; Passenger Air Bag; Side Air Bag; A/C; Rear A/C; Alarm; AM/FM Stereo; Cassette; 4-Wheel ABS; Cruise Control; Rear Wheel Drive; Power Door Locks; Power Driver Seat; Leather Seats; Power Steering; Adjustable Steering Wheel; Aluminum Wheels; Power Windows; CD Changer; CD Player; Power Tilt/Sliding Sunroof; Driver Air Bag; Passenger Air Bag; Side Air Bag,0,0,1,4 DR,3.9L,A,0,0,
15164,2002,PONTIAC,GRAND AM,1G2NF52F22C304598,162496,Used,4,GOLD,Driver Air Bag; Passenger Air Bag; A/C; AM/FM Stereo; CD Player; 4-Wheel ABS; Cruise Control; Front Wheel Drive; Power Door Locks; Power Driver Seat; Power Steering; Adjustable Steering Wheel; Aluminum Wheels; Power Windows; Cassette; Power Tilt/Sliding Sunroof; Driver Air Bag; Passenger Air Bag,6995,6995,178,4 DR,2.2L,A,1200,0,
14829A,2005,PONTIAC,BONNEVILLE,1G2HX52K55U110430,0,Used,6,,Driver Air Bag; Passenger Air Bag; A/C; Alarm; AM/FM Stereo; CD Player; 4-Wheel ABS; Cruise Control; Front Wheel Drive; Power Door Locks; Power Driver Seat; Power Steering; Adjustable Steering Wheel; Power Windows; Steel Wheels; Side Air Bag; Cassette; Power Tilt/Sliding Sunroof; Leather Seats; Aluminum Wheels; Chrome Wheels; Driver Air Bag; Passenger Air Bag,0,0,0,4DR,3.8L,A,0,0,
15252,1998,HONDA,ACCORD SDN,1HGCG5656WA218683,163537,Used,4,GREEN,Driver Air Bag; Passenger Air Bag; A/C; 4-Wheel ABS; Cruise Control; Front Wheel Drive; Power Door Locks; Power Tilt/Sliding Sunroof; Power Driver Seat; Leather Seats; Power Steering; Adjustable Steering Wheel; Aluminum Wheels; Power Windows; Driver Air Bag; Passenger Air Bag,6995,6995,5,4 DR,2.3L,A,1200,0,
15233,2000,PONTIAC,GRAND AM,1G2NE52T4YM832994,125462,Used,4,SILVER,Driver Air Bag; Passenger Air Bag; A/C; AM/FM Stereo; Cassette; 4-Wheel ABS; Front Wheel Drive; Power Door Locks; Power Steering; Adjustable Steering Wheel; CD Player; Cruise Control; Driver Air Bag; Passenger Air Bag,6995,6995,43,4 DR,2.4L,A,1200,0,
15257,2003,PONTIAC,MONTANA,1GMDX03E23D113462,225609,Used,6,BURG,Driver Air Bag; Passenger Air Bag; A/C; AM/FM Stereo; CD Player; Cruise Control; Front Wheel Drive; Power Door Locks; Power Steering; Adjustable Steering Wheel; Aluminum Wheels; Power Windows; Side Air Bag; Rear A/C; 4-Wheel ABS; Power Driver Seat,5995,5995,0,VAN,3.4L,A,1000,0,
15219,1999,MERCURY,MOUNTAINEER,4M2ZU52P4XUJ41816,173593,Used,8,BLUE,Driver Air Bag; Passenger Air Bag; A/C; AM/FM Stereo; Cassette; 4-Wheel ABS; Cruise Control; Rear Wheel Drive; Power Door Locks; Power Steering; Adjustable Steering Wheel; Aluminum Wheels; Power Windows; Side Air Bag; CD Changer; CD Player; Power Tilt/Sliding Sunroof; Power Driver Seat; Leather Seats; Chrome Wheels,6995,6995,82,SUV,5.0L,A,1200,0,
15259,2001,BUICK,PARK AVENUE,1G4CW54KX14213922,77257,Used,6,GREEN,Driver Air Bag; Passenger Air Bag; Side Air Bag; A/C; AM/FM Stereo; Cassette; 4-Wheel ABS; Cruise Control; Front Wheel Drive; Power Door Locks; Power Driver Seat; Leather Seats; Power Steering; Adjustable Steering Wheel; Aluminum Wheels; Power Windows; CD Changer; CD Player; Power Tilt/Sliding Sunroof; Chrome Wheels; Driver Air Bag; Passenger Air Bag; Side Air Bag,8495,8495,4,4 DR,3.8L,A,1800,0,
15229,1998,GMC,SIERRA 1500,2GTEC19R2W1507824,187288,Used,8,BLUE,Driver Air Bag; Passenger Air Bag; AM/FM Stereo; 4-Wheel ABS; Rear Wheel Drive; Power Steering; Steel Wheels; A/C; Cassette; CD Player; Cruise Control; Power Door Locks; Power Driver Seat; Leather Seats; Adjustable Steering Wheel; Aluminum Wheels; Chrome Wheels; Power Windows,8995,8995,64,TRUCK,5.7L,A,1800,0,
15158A,2001,BUICK,LESABRE,1G4HR54KX1U124686,0,Used,6,,Driver Air Bag; Passenger Air Bag; Side Air Bag; A/C; Alarm; AM/FM Stereo; Cassette; CD Player; 4-Wheel ABS; Cruise Control; Front Wheel Drive; Power Door Locks; Power Driver Seat; Power Steering; Adjustable Steering Wheel; Aluminum Wheels; Power Windows; CD Changer; Power Tilt/Sliding Sunroof; Leather Seats; Driver Air Bag; Passenger Air Bag; Side Air Bag,0,0,0,4DR,3.8L,A,0,0,
